1000518,BAC-111,250,400,02/27/2001 17:53
1000519,CRJ-100,250,400,02/27/2001 17:53
1000520,LR-31,250,430,02/27/2001 17:53
1000524,C-404,250,180,02/27/2001 17:53
1000525,PA-31,250,180,02/27/2001 17:53
1000528,MD-50,250,410,02/27/2001 17:53
1000529,MD-200,250,390,02/27/2001 17:53
1000530,MD-20,250,380,02/27/2001 17:53
1000532,SF-340,250,260,02/27/2001 17:53
1000533,BE-1900,250,260,02/27/2001 17:53
1000536,MU-300,250,435,02/27/2001 17:53
1000537,PA-42,250,290,02/27/2001 17:53
1000538,J-31,250,260,02/27/2001 17:53
1000539,EM-110,250,265,02/27/2001 17:53
1000540,S-76A,250,140,02/27/2001 17:53
1000542,MD-10,250,410,02/27/2001 17:53
1000543,LR-36,250,435,02/27/2001 17:53
1000544,LR-55,250,400,02/27/2001 17:53
1000548,BN-2A-20,250,257,02/27/2001 17:53
1000549,BE-90,250,230,02/27/2001 17:53
1000551,BE-58,250,218,02/27/2001 17:53
1000553,BE-100,250,220,02/27/2001 17:53
1000554,LR-35,250,430,02/27/2001 17:53
1000557,HB-412,250,130,02/27/2001 17:53
1000558,LR-25,250,400,02/27/2001 17:53
1000559,LR-24,250,420,02/27/2001 17:53
1000560,AS-355,250,85,02/27/2001 17:53
1000562,AG-109A,250,165,02/27/2001 17:53
1000565,LR-25XR,250,400,02/27/2001 17:53
1000568,L-1329-25,250,320,02/27/2001 17:53
1000570,IAI-1124A,250,400,02/27/2001 17:53
1000571,IAI-1124,250,400,02/27/2001 17:53
1000572,HS-700,250,400,02/27/2001 17:53
1000573,HS-600/731,250,400,02/27/2001 17:53
1000574,HS-600,250,400,02/27/2001 17:53
1000575,HS-400/731,250,390,02/27/2001 17:53
1000576,HS-400,250,400,02/27/2001 17:53
1000579,BE-300,250,280,02/27/2001 17:53
1000580,G-1159B,250,410,02/27/2001 17:53
1000582,G-1159,250,425,02/27/2001 17:53
1000584,CL-601,250,400,02/27/2001 17:53
1000586,CE-S550,250,320,02/27/2001 17:53
1000587,CE-650,250,460,02/27/2001 17:53
1000588,CE-560,250,400,02/27/2001 17:53
1000589,CE-500,250,300,02/27/2001 17:53
1000590,B-737-100,250,425,02/27/2001 17:53
1000591,PA-23-250,250,180,02/27/2001 17:53
1000592,CE-310,250,180,02/27/2001 17:53
1000594,CE-340A,250,185,02/27/2001 17:53
1000595,PA-31-350,250,200,02/27/2001 17:53
1000598,XSUB.CON,250,350,02/27/2001 17:53
1000600,CE-402B,250,190,02/27/2001 17:53
1000601,LR-25D,250,425,02/27/2001 17:53
1000602,GIV,250,440,02/27/2001 17:53
1000604,BE-350,250,285,02/27/2001 17:53
1000605,CE-501,250,310,02/27/2001 17:53
1000606,BE-1300,250,250,02/27/2001 17:53
1000607,DC-3,100,178,02/27/2001 17:53
1000608,DC-9,2000,450,02/27/2001 17:53
1000612,SA-226-AT,250,290,02/27/2001 17:53
1000617,CE-208B,250,185,02/27/2001 17:53
1000622,R-44,250,113,02/27/2001 17:53
1000630,PC-12,250,260,02/27/2001 17:53
1000631,AC-90,250,228,02/27/2001 17:53
1000636,SW-227-TT,500,225,02/27/2001 17:53
1000637,CE-550,500,360,02/27/2001 17:53
1000638,B-727,500,440,02/27/2001 17:53
1000639,C-425,500,264,02/27/2001 17:53
1000641,CE-650/III,500,452,02/27/2001 17:53
1000642,CE-650/VI,500,458,02/27/2001 17:53
1000644,BE-60,500,210,02/27/2001 17:53
1000645,BAC-111,500,408,02/27/2001 17:53
1000646,CRJ-100,500,424,02/27/2001 17:53
1000647,LR-31,500,440,02/27/2001 17:53
1000651,C-404,500,180,02/27/2001 17:53
1000652,PA-31,500,180,02/27/2001 17:53
1000655,MD-50,500,450,02/27/2001 17:53
1000656,MD-200,500,435,02/27/2001 17:53
1000657,MD-20,500,408,02/27/2001 17:53
1000659,SF-340,500,260,02/27/2001 17:53
1000660,BE-1900,500,260,02/27/2001 17:53
1000663,MU-300,500,440,02/27/2001 17:53
1000664,PA-42,500,300,02/27/2001 17:53
1000665,J-31,500,260,02/27/2001 17:53
1000666,EM-110,500,265,02/27/2001 17:53
1000667,S-76A,500,140,02/27/2001 17:53
1000669,MD-10,500,450,02/27/2001 17:53
1000670,LR-36,500,440,02/27/2001 17:53
1000671,LR-55,500,440,02/27/2001 17:53
1000675,BN-2A-20,500,257,02/27/2001 17:53
1000676,BE-90,500,238,02/27/2001 17:53
1000678,BE-58,500,218,02/27/2001 17:53
1000680,BE-100,500,220,02/27/2001 17:53
1000681,LR-35,500,440,02/27/2001 17:53
1000684,HB-412,500,130,02/27/2001 17:53
1000685,LR-25,500,420,02/27/2001 17:53
1000686,LR-24,500,439,02/27/2001 17:53
1000687,AS-355,500,85,02/27/2001 17:53
1000689,AG-109A,500,165,02/27/2001 17:53
1000692,LR-25XR,500,425,02/27/2001 17:53
1000695,L-1329-25,500,330,02/27/2001 17:53
1000697,IAI-1124A,500,420,02/27/2001 17:53
1000698,IAI-1124,500,420,02/27/2001 17:53
1000699,HS-700,500,420,02/27/2001 17:53
1000700,HS-600/731,500,415,02/27/2001 17:53
1000701,HS-600,500,410,02/27/2001 17:53
1000702,HS-400/731,500,420,02/27/2001 17:53
1000703,HS-400,500,422,02/27/2001 17:53
1000706,BE-300,500,280,02/27/2001 17:53
1000707,G-1159B,500,465,02/27/2001 17:53
1000709,G-1159,500,450,02/27/2001 17:53
1000711,CL-601,500,440,02/27/2001 17:53
1000713,CE-S550,500,345,02/27/2001 17:53
1000714,CE-650,500,470,02/27/2001 17:53
1000715,CE-560,500,418,02/27/2001 17:53
1000716,CE-500,500,330,02/27/2001 17:53
1000717,B-737-100,500,430,02/27/2001 17:53
1000718,PA-23-250,500,180,02/27/2001 17:53
1000719,CE-310,500,180,02/27/2001 17:53
1000721,CE-340A,500,190,02/27/2001 17:53
1000722,PA-31-350,500,200,02/27/2001 17:53
1000725,XSUB.CON,500,375,02/27/2001 17:53
1000727,CE-402B,500,190,02/27/2001 17:53
1000728,LR-25D,500,425,02/27/2001 17:53
1000729,GIV,500,465,02/27/2001 17:53
1000731,BE-350,500,300,02/27/2001 17:53
1000732,CE-501,500,345,02/27/2001 17:53
1000733,BE-1300,500,250,02/27/2001 17:53
1000734,DC-3,500,179,02/27/2001 17:53
1000735,DC-9,2500,450,02/27/2001 17:53
1000739,SA-226-AT,500,300,02/27/2001 17:53
1000744,CE-208B,500,190,02/27/2001 17:53
1000749,R-44,500,113,02/27/2001 17:53
1000757,PC-12,500,260,02/27/2001 17:53
1000758,AC-90,500,230,02/27/2001 17:53
1000766,HS-125-800XP,10,220,02/27/2001 18:20
1000767,HS-125-800,10,200,02/27/2001 18:20
1000769,HS-125-800XP,25,290,02/27/2001 18:20
1000770,HS-125-800,50,250,02/27/2001 18:20
1000772,HS-125-800XP,50,342,02/27/2001 18:20
1000773,HS-125-800,75,325,02/27/2001 18:20
1000775,HS-125-800XP,100,385,02/27/2001 18:20
1000776,HS-125-800,100,380,02/27/2001 18:20
1000778,HS-125-800XP,250,422,02/27/2001 18:20
1000779,HS-125-800,250,400,02/27/2001 18:20
1000781,HS-125-800XP,500,427,02/27/2001 18:20
1000782,HS-125-800,500,430,02/27/2001 18:20
1000990,GIV-SP,10,200,10/19/2001 11:03
1000991,GIV-SP,50,300,10/19/2001 11:03
1000992,GIV-SP,75,380,10/19/2001 11:03
1000993,GIV-SP,100,400,10/19/2001 11:03
1000994,GIV-SP,250,440,10/19/2001 11:03
1000995,GIV-SP,500,465,10/19/2001 11:03
1000996,GV,10,200,10/19/2001 11:03
1000997,GV,50,347,10/19/2001 11:03
1000998,GV,75,421,10/19/2001 11:03
1000999,GV,100,475,10/19/2001 11:03
1001000,GV,250,486,10/19/2001 11:03
1001001,GV,500,486,10/19/2001 11:03
1001002,DA-2000,10,200,10/19/2001 11:03
1001003,DA-2000,50,250,10/19/2001 11:03
1001004,DA-2000,75,350,10/19/2001 11:03
1001005,DA-2000,100,410,10/19/2001 11:03
1001006,DA-2000,250,440,10/19/2001 11:03
1001007,DA-2000,500,460,10/19/2001 11:03
1000940,B-737-700,10,200,10/16/2001 11:38
1000941,B-737-700,25,310,10/16/2001 11:38
1000942,B-737-700,50,385,10/16/2001 11:38
1000943,B-737-700,100,405,10/16/2001 11:38
1000944,B-737-700,250,425,10/16/2001 11:38
1000945,B-737-700,500,430,10/16/2001 11:38
1000946,BAE-1000A,10,220,10/16/2001 11:38
1000947,BAE-1000A,25,280,10/16/2001 11:38
1000948,BAE-1000A,50,325,10/16/2001 11:38
1000949,BAE-1000A,100,366,10/16/2001 11:38
1000950,BAE-1000A,250,420,10/16/2001 11:38
1000951,BAE-1000A,500,440,10/16/2001 11:38
1000952,CE-560XL,10,200,10/16/2001 11:38
1000953,CE-560XL,25,280,10/16/2001 11:38
1000954,CE-560XL,50,330,10/16/2001 11:38
1000955,CE-560XL,100,355,10/16/2001 11:38
1000956,CE-560XL,250,400,10/16/2001 11:38
1000957,CE-560XL,500,418,10/16/2001 11:38
1000958,CE-750,10,248,10/16/2001 11:38
1000959,CE-750,25,301,10/16/2001 11:38
1000960,CE-750,50,406,10/16/2001 11:38
1000961,CE-750,100,448,10/16/2001 11:38
1000962,CE-750,250,482,10/16/2001 11:38
1000963,CE-750,500,514,10/16/2001 11:38
1002021,CE-560E,10,200,01/08/2003 22:06
1002022,CE-560E,25,280,01/08/2003 22:06
1002023,CE-560E,50,330,01/08/2003 22:06
1002024,CE-560E,100,355,01/08/2003 22:06
1002025,CE-560E,250,400,01/08/2003 22:06
1002026,CE-560E,500,418,01/08/2003 22:06
1002015,G-200,10,200,01/08/2003 22:05
1002016,G-200,50,280,01/08/2003 22:05
1002017,G-200,75,325,01/08/2003 22:05
1002018,G-200,100,420,01/08/2003 22:05
1002019,G-200,250,450,01/08/2003 22:05
1002020,G-200,500,461,01/08/2003 22:05
1002035,HS-125-800XPC,10,220,02/27/2001 18:20
1002036,HS-125-800XPC,25,290,02/27/2001 18:20
1002037,HS-125-800XPC,50,342,02/27/2001 18:20
1002038,HS-125-800XPC,100,385,02/27/2001 18:20
1002039,HS-125-800XPC,250,422,02/27/2001 18:20
1002040,HS-125-800XPC,500,427,02/27/2001 18:20
1002045,MD-2000,250,440,01/29/2003 18:52
1002046,MD-2000,500,465,01/29/2003 18:52
1002047,EC-120B,10,200,01/29/2003 18:52
1002048,EC-120B,50,300,01/29/2003 18:52
1002049,EC-120B,75,380,01/29/2003 18:52
1002050,EC-120B,100,400,01/29/2003 18:52
1002051,EC-120B,250,440,01/29/2003 18:52
1002052,EC-120B,500,465,01/29/2003 18:52
1002059,LR-36A,10,200,01/29/2003 18:52
1002060,LR-36A,50,300,01/29/2003 18:52
1002061,LR-36A,75,380,01/29/2003 18:52
1002062,LR-36A,100,400,01/29/2003 18:52
1002063,LR-36A,250,440,01/29/2003 18:52
1002064,LR-36A,500,465,01/29/2003 18:52
1002065,AS-365 N2,10,200,01/29/2003 18:52
1002066,AS-365 N2,50,300,01/29/2003 18:52
1002067,AS-365 N2,75,380,01/29/2003 18:52
1002068,AS-365 N2,100,400,01/29/2003 18:52
1002069,AS-365 N2,250,440,01/29/2003 18:52
1002070,AS-365 N2,500,465,01/29/2003 18:52
1002077,B-757-200,10,200,01/29/2003 18:52
1002078,B-757-200,50,300,01/29/2003 18:52
1002079,B-757-200,75,380,01/29/2003 18:52
1002080,B-757-200,100,400,01/29/2003 18:52
1002081,B-757-200,250,440,01/29/2003 18:52
1002082,B-757-200,500,465,01/29/2003 18:52
1002089,LR-55C,10,200,01/29/2003 18:52
1002090,LR-55C,50,300,01/29/2003 18:52
1002091,LR-55C,75,380,01/29/2003 18:52
1002092,LR-55C,100,400,01/29/2003 18:52
1002093,LR-55C,250,440,01/29/2003 18:52
1002094,LR-55C,500,465,01/29/2003 18:52
1002101,DA-20,10,200,01/29/2003 18:52
1002102,DA-20,50,300,01/29/2003 18:52
1002103,DA-20,75,380,01/29/2003 18:52
1002104,DA-20,100,400,01/29/2003 18:52
1002105,DA-20,250,440,01/29/2003 18:52
1002106,DA-20,500,465,01/29/2003 18:52
1002113,DA-10,10,200,01/29/2003 18:52
1002114,DA-10,50,300,01/29/2003 18:52
1002115,DA-10,75,380,01/29/2003 18:52
1002116,DA-10,100,400,01/29/2003 18:52
1002117,DA-10,250,440,01/29/2003 18:52
1002118,DA-10,500,465,01/29/2003 18:52
1002119,C-208,10,200,01/29/2003 18:52
1002120,C-208,50,300,01/29/2003 18:52
1002121,C-208,75,380,01/29/2003 18:52
1002122,C-208,100,400,01/29/2003 18:52
1002123,C-208,250,440,01/29/2003 18:52
1002124,C-208,500,465,01/29/2003 18:52
1002125,BE-90C,10,200,01/29/2003 18:52
1002126,BE-90C,50,300,01/29/2003 18:52
1002127,BE-90C,75,380,01/29/2003 18:52
1002128,BE-90C,100,400,01/29/2003 18:52
1002129,BE-90C,250,440,01/29/2003 18:52
1002130,BE-90C,500,465,01/29/2003 18:52
1002131,AS-365N2,10,200,01/29/2003 18:52
1002132,AS-365N2,50,300,01/29/2003 18:52
1002133,AS-365N2,75,380,01/29/2003 18:52
1002134,AS-365N2,100,400,01/29/2003 18:52
1002135,AS-365N2,250,440,01/29/2003 18:52
1002136,AS-365N2,500,465,01/29/2003 18:52
1002137,HS-125-600,10,200,01/29/2003 18:52
1002138,HS-125-600,50,300,01/29/2003 18:52
1002139,HS-125-600,75,380,01/29/2003 18:52
1002140,HS-125-600,100,400,01/29/2003 18:52
1002141,HS-125-600,250,440,01/29/2003 18:52
1002142,HS-125-600,500,465,01/29/2003 18:52
1002143,B-737-300,10,200,01/29/2003 18:52
1002144,B-737-300,50,300,01/29/2003 18:52
1002145,B-737-300,75,380,01/29/2003 18:52
1002146,B-737-300,100,400,01/29/2003 18:52
1002147,B-737-300,250,440,01/29/2003 18:52
1002148,B-737-300,500,465,01/29/2003 18:52
1002161,B-727-300,10,200,01/29/2003 18:52
1002162,B-727-300,50,300,01/29/2003 18:52
1002163,B-727-300,75,380,01/29/2003 18:52
1002164,B-727-300,100,400,01/29/2003 18:52
1002165,B-727-300,250,440,01/29/2003 18:52
1002166,B-727-300,500,465,01/29/2003 18:52
1002167,LR-31A,10,200,01/29/2003 18:52
1002168,LR-31A,50,300,01/29/2003 18:52
1002169,LR-31A,75,380,01/29/2003 18:52
1002170,LR-31A,100,400,01/29/2003 18:52
1002171,LR-31A,250,440,01/29/2003 18:52
1002172,LR-31A,500,465,01/29/2003 18:52
1002173,G-100,10,200,01/29/2003 18:52
1002174,G-100,50,300,01/29/2003 18:52
1002175,G-100,75,380,01/29/2003 18:52
1002176,G-100,100,400,01/29/2003 18:52
1002177,G-100,250,440,01/29/2003 18:52
1002178,G-100,500,465,01/29/2003 18:52
1002352,HS-125-700,25,250,10/22/2004 00:33
1002353,HS-125-700,50,325,10/22/2004 00:33
1002354,HS-125-700,100,380,10/22/2004 00:33
1002355,HS-125-700,250,400,10/22/2004 00:33
1002356,HS-125-700,500,420,10/22/2004 00:33
1002357,G-1159A,10,200,10/22/2004 00:33
1002185,MD-900,10,200,01/29/2003 18:52
1002186,MD-900,50,300,01/29/2003 18:52
1002187,MD-900,75,380,01/29/2003 18:52
1002188,MD-900,100,400,01/29/2003 18:52
1002189,MD-900,250,440,01/29/2003 18:52
1002190,MD-900,500,465,01/29/2003 18:52
1002191,MD-900 EX,10,200,01/29/2003 18:52
1002192,MD-900 EX,50,300,01/29/2003 18:52
1002193,MD-900 EX,75,380,01/29/2003 18:52
1002194,MD-900 EX,100,400,01/29/2003 18:52
1002195,MD-900 EX,250,440,01/29/2003 18:52
1002196,MD-900 EX,500,465,01/29/2003 18:52
1002197,HS-125-600/731,10,200,01/29/2003 18:52
1002198,HS-125-600/731,50,300,01/29/2003 18:52
1002199,HS-125-600/731,75,380,01/29/2003 18:52
1002200,HS-125-600/731,100,400,01/29/2003 18:52
1002201,HS-125-600/731,250,440,01/29/2003 18:52
1002202,HS-125-600/731,500,465,01/29/2003 18:52
1002203,HS-125-400,10,200,01/29/2003 18:52
1002204,HS-125-400,50,300,01/29/2003 18:52
1002205,HS-125-400,75,380,01/29/2003 18:52
1002206,HS-125-400,100,400,01/29/2003 18:52
1002207,HS-125-400,250,440,01/29/2003 18:52
1002208,HS-125-400,500,465,01/29/2003 18:52
1002209,DA-900 EX,10,200,01/29/2003 18:52
1002210,DA-900 EX,50,300,01/29/2003 18:52
1002211,DA-900 EX,75,380,01/29/2003 18:52
1002212,DA-900 EX,100,400,01/29/2003 18:52
1002213,DA-900 EX,250,440,01/29/2003 18:52
1002214,DA-900 EX,500,465,01/29/2003 18:52
1002215,DA-900EX,10,200,01/29/2003 18:52
1002216,DA-900EX,50,300,01/29/2003 18:52
1002217,DA-900EX,75,380,01/29/2003 18:52
1002218,DA-900EX,100,400,01/29/2003 18:52
1002219,DA-900EX,250,440,01/29/2003 18:52
1002220,DA-900EX,500,465,01/29/2003 18:52
1002221,D-328,10,200,01/29/2003 18:52
1002222,D-328,50,300,01/29/2003 18:52
1002223,D-328,75,380,01/29/2003 18:52
1002224,D-328,100,400,01/29/2003 18:52
1002225,D-328,250,440,01/29/2003 18:52
1002226,D-328,500,465,01/29/2003 18:52
1002227,HS-125-400/731,10,200,01/29/2003 18:52
1002228,HS-125-400/731,50,300,01/29/2003 18:52
1002229,HS-125-400/731,75,380,01/29/2003 18:52
1002230,HS-125-400/731,100,400,01/29/2003 18:52
1002231,HS-125-400/731,250,440,01/29/2003 18:52
1002232,HS-125-400/731,500,465,01/29/2003 18:52
1002233,B-757,10,200,01/29/2003 18:52
1002234,B-757,50,300,01/29/2003 18:52
1002235,B-757,75,380,01/29/2003 18:52
1002236,B-757,100,400,01/29/2003 18:52
1002237,B-757,250,440,01/29/2003 18:52
1002238,B-757,500,465,01/29/2003 18:52
1002239,G-1159SP,10,200,01/29/2003 18:52
1002240,G-1159SP,50,300,01/29/2003 18:52
1002241,G-1159SP,75,380,01/29/2003 18:52
1002242,G-1159SP,100,400,01/29/2003 18:52
1002243,G-1159SP,250,440,01/29/2003 18:52
1002244,G-1159SP,500,465,01/29/2003 18:52
1002245,BD-700-1A10,10,200,01/29/2003 18:52
1002246,BD-700-1A10,50,300,01/29/2003 18:52
1002247,BD-700-1A10,75,380,01/29/2003 18:52
1002248,BD-700-1A10,100,400,01/29/2003 18:52
1002249,BD-700-1A10,250,440,01/29/2003 18:52
1002250,BD-700-1A10,500,465,01/29/2003 18:52
1002251,CE-560V,10,200,01/29/2003 18:52
1002252,CE-560V,50,300,01/29/2003 18:52
1002253,CE-560V,75,380,01/29/2003 18:52
1002254,CE-560V,100,400,01/29/2003 18:52
1002255,CE-560V,250,440,01/29/2003 18:52
1002256,CE-560V,500,465,01/29/2003 18:52
1002257,MD-2000,10,200,01/29/2003 18:52
1002258,MD-2000,50,300,01/29/2003 18:52
1002259,MD-2000,75,380,01/29/2003 18:52
1002260,MD-2000,100,400,01/29/2003 18:52
1002358,G-1159A,25,250,10/22/2004 00:33
1002359,G-1159A,50,350,10/22/2004 00:33
1002360,G-1159A,100,390,10/22/2004 00:33
1002361,G-1159A,250,410,10/22/2004 00:33
1002362,G-1159A,500,465,10/22/2004 00:33
1002363,LR-35A,10,215,10/22/2004 00:33
1002281,DA-900,10,200,10/30/2003 01:32
1002282,DA-900,25,287,10/30/2003 01:32
1002283,DA-900,50,391,10/30/2003 01:32
1002284,DA-900,100,443,10/30/2003 01:32
1002285,DA-900,250,451,10/30/2003 01:32
1002286,DA-900,500,451,10/30/2003 01:32
1002287,DA-50,10,200,10/30/2003 01:34
1002288,DA-50,25,287,10/30/2003 01:34
1002289,DA-50,50,388,10/30/2003 01:34
1002290,DA-50,100,413,10/30/2003 01:34
1002291,DA-50,250,444,10/30/2003 01:34
1002292,DA-50,500,444,10/30/2003 01:34
1002364,LR-35A,25,225,10/22/2004 00:33
1002365,LR-35A,50,340,10/22/2004 00:33
1002366,LR-35A,100,420,10/22/2004 00:33
1002367,LR-35A,250,435,10/22/2004 00:33
1002368,LR-35A,500,440,10/22/2004 00:33
1002369,CL-604,10,200,10/22/2004 00:33
1002370,CL-604,25,250,10/22/2004 00:33
1002371,CL-604,50,325,10/22/2004 00:33
1002372,CL-604,100,400,10/22/2004 00:33
1002373,CL-604,250,418,10/22/2004 00:33
1002374,CL-604,500,442,10/22/2004 00:33
1002375,LR-45,10,200,10/22/2004 00:33
1002335,BE-400A,10,180,10/11/2004 23:24
1002336,BE-400A,25,250,10/11/2004 23:24
1002337,BE-400A,50,325,10/11/2004 23:24
1002338,BE-400A,100,395,10/11/2004 23:24
1002339,BE-400A,250,418,10/11/2004 23:24
1002340,BE-400A,500,446,10/11/2004 23:24
1002345,CE-560XLS,10,200,10/22/2004 00:30
1002346,CE-560XLS,25,250,10/22/2004 00:30
1002347,CE-560XLS,50,325,10/22/2004 00:30
1002348,CE-560XLS,100,395,10/22/2004 00:30
1002349,CE-560XLS,250,427,10/22/2004 00:30
1002350,CE-560XLS,500,446,10/22/2004 00:30
1002351,HS-125-700,10,200,10/22/2004 00:33
1002376,LR-45,25,290,10/22/2004 00:33
1002377,LR-45,50,359,10/22/2004 00:33
1002378,LR-45,100,440,10/22/2004 00:33
1002379,LR-45,250,450,10/22/2004 00:33
1002380,LR-45,500,464,10/22/2004 00:33
1002381,CL-601-3A,10,200,10/22/2004 00:33
1002382,CL-601-3A,25,250,10/22/2004 00:33
1002383,CL-601-3A,50,325,10/22/2004 00:33
1002384,CL-601-3A,100,380,10/22/2004 00:33
1002385,CL-601-3A,250,400,10/22/2004 00:33
1002386,CL-601-3A,500,440,10/22/2004 00:33
1002387,LR-60,10,220,10/22/2004 00:33
1002388,LR-60,25,250,10/22/2004 00:33
1002389,LR-60,50,330,10/22/2004 00:33
1002390,LR-60,100,400,10/22/2004 00:33
1002391,LR-60,250,440,10/22/2004 00:33
1002392,LR-60,500,450,10/22/2004 00:33
1002395,S-76C,10,110,10/22/2004 17:16
1002604,CE-560EP,100,355,10/18/2007 01:43
1002397,EC-135,10,50,10/22/2004 17:16
1002531,DA-50EX,10,200,02/06/2007 21:39
1002399,S-76C,25,130,10/22/2004 17:16
1002605,CE-560EP,250,400,10/18/2007 01:43
1002401,EC-135,25,80,10/22/2004 17:16
1002532,DA-50EX,25,287,02/06/2007 21:39
1002403,S-76C,50,140,10/22/2004 17:16
1002606,CE-560EP,500,418,10/18/2007 01:43
1002405,EC-135,50,85,10/22/2004 17:16
1002533,DA-50EX,50,388,02/06/2007 21:39
1002407,S-76C,100,140,10/22/2004 17:16
1002615,BE-200,10,200,02/22/2008 03:04
1002409,EC-135,100,85,10/22/2004 17:16
1002534,DA-50EX,100,413,02/06/2007 21:39
1002411,S-76C,250,140,10/22/2004 17:16
1002616,BE-200,25,250,02/22/2008 03:04
1002413,EC-135,250,85,10/22/2004 17:16
1002535,DA-50EX,250,444,02/06/2007 21:39
1002415,S-76C,500,140,10/22/2004 17:16
1002417,EC-135,500,85,10/22/2004 17:16
1002536,DA-50EX,500,444,02/06/2007 21:39
1002425,CL-600,10,200,11/09/2004 00:31
1002426,CL-600,25,250,11/09/2004 00:31
1002427,CL-600,50,325,11/09/2004 00:31
1002428,CL-600,100,380,11/09/2004 00:31
1002429,CL-600,250,400,11/09/2004 00:31
1002430,CL-600,500,440,11/09/2004 00:31
1002435,CE-680,10,200,12/07/2004 00:36
1002436,CE-680,25,250,12/07/2004 00:36
1002437,CE-680,50,348,12/07/2004 00:36
1002438,CE-680,100,368,12/07/2004 00:36
1002439,CE-680,250,421,12/07/2004 00:36
1002440,CE-680,500,449,12/07/2004 00:36
1002485,G-450,10,200,09/10/2005 01:22
1002486,G-450,25,250,09/10/2005 01:22
1002487,G-450,50,356,09/10/2005 01:22
1002488,G-450,100,395,09/10/2005 01:22
1002489,G-450,250,436,09/10/2005 01:22
1002490,G-450,500,459,09/10/2005 01:22
1002455,DA-2EASY,10,200,01/18/2005 00:40
1002456,DA-2EASY,25,250,01/18/2005 00:40
1002457,DA-2EASY,50,332,01/18/2005 00:40
1002458,DA-2EASY,100,398,01/18/2005 00:40
1002459,DA-2EASY,250,453,01/18/2005 00:40
1002460,DA-2EASY,500,460,01/18/2005 00:40
1002465,G-550,10,200,03/02/2005 15:52
1002466,G-550,25,270,03/02/2005 15:52
1002467,G-550,50,388,03/02/2005 15:52
1002468,G-550,100,480,03/02/2005 15:52
1002469,G-550,250,485,03/02/2005 15:52
1002470,G-550,500,488,03/02/2005 15:52
1002475,CE-550B,10,200,04/19/2005 00:57
1002476,CE-550B,25,250,04/19/2005 00:57
1002477,CE-550B,50,280,04/19/2005 00:57
1002478,CE-550B,100,280,04/19/2005 00:57
1002479,CE-550B,250,392,04/19/2005 00:57
1002480,CE-550B,500,392,04/19/2005 00:57
1002495,G-300,10,200,07/10/2006 22:36
1002496,G-300,50,300,07/10/2006 22:36
1002497,G-300,75,380,07/10/2006 22:36
1002498,G-300,100,400,07/10/2006 22:36
1002499,G-300,250,440,07/10/2006 22:36
1002500,G-300,500,465,07/10/2006 22:36
1002505,EMB-135-BJ,10,230,10/17/2006 01:06
1002506,EMB-135-BJ,25,265,10/17/2006 01:06
1002507,EMB-135-BJ,50,280,10/17/2006 01:06
1002508,EMB-135-BJ,100,310,10/17/2006 01:06
1002509,EMB-135-BJ,250,400,10/17/2006 01:06
1002510,EMB-135-BJ,500,436,10/17/2006 01:06
1002515,H4000,10,180,12/11/2006 22:36
1002516,H4000,25,250,12/11/2006 22:36
1002517,H4000,75,356,12/11/2006 22:36
1002518,H4000,100,410,12/11/2006 22:36
1002519,H4000,250,450,12/11/2006 22:36
1002520,H4000,500,467,12/11/2006 22:36
1002525,DA-2000EX,10,200,02/07/2007 01:34
1002526,DA-2000EX,50,250,02/07/2007 01:34
1002527,DA-2000EX,75,350,02/07/2007 01:34
1002528,DA-2000EX,100,420,02/07/2007 01:34
1002529,DA-2000EX,250,460,02/07/2007 01:34
1002530,DA-2000EX,500,460,02/07/2007 01:34
1002545,CL-300,10,200,02/22/2007 01:21
1002546,CL-300,50,300,02/22/2007 01:21
1002547,CL-300,75,380,02/22/2007 01:21
1002548,CL-300,100,400,02/22/2007 01:21
1002549,CL-300,250,440,02/22/2007 01:21
1002550,CL-300,500,465,02/22/2007 01:21
1002555,IAI-1125A,10,200,03/15/2007 01:34
1002556,IAI-1125A,50,250,03/15/2007 01:34
1002557,IAI-1125A,75,350,03/15/2007 01:34
1002558,IAI-1125A,100,420,03/15/2007 01:34
1002559,IAI-1125A,250,440,03/15/2007 01:34
1002560,IAI-1125A,500,440,03/15/2007 01:34
1002565,BD-700-1A11,10,200,05/19/2007 03:08
1002566,BD-700-1A11,50,250,05/19/2007 03:08
1002567,BD-700-1A11,75,350,05/19/2007 03:08
1002568,BD-700-1A11,100,420,05/19/2007 03:08
1002569,BD-700-1A11,250,460,05/19/2007 03:08
1002570,BD-700-1A11,500,460,05/19/2007 03:08
1002575,DA-900C,10,200,06/23/2007 02:23
1002576,DA-900C,25,287,06/23/2007 02:23
1002577,DA-900C,50,391,06/23/2007 02:23
1002578,DA-900C,100,443,06/23/2007 02:23
1002579,DA-900C,250,451,06/23/2007 02:23
1002580,DA-900C,500,451,06/23/2007 02:23
1002585,HS-125-900XP,10,220,09/19/2007 01:38
1002586,HS-125-900XP,25,290,09/19/2007 01:38
1002587,HS-125-900XP,50,342,09/19/2007 01:38
1002588,HS-125-900XP,100,385,09/19/2007 01:38
1002589,HS-125-900XP,250,422,09/19/2007 01:38
1002590,HS-125-900XP,500,427,09/19/2007 01:38
1002595,LR-40,10,200,10/18/2007 01:38
1002596,LR-40,25,287,10/18/2007 01:38
1002597,LR-40,50,391,10/18/2007 01:38
1002598,LR-40,100,443,10/18/2007 01:38
1002599,LR-40,250,451,10/18/2007 01:38
1002600,LR-40,500,451,10/18/2007 01:38
1002601,CE-560EP,10,200,10/18/2007 01:43
1002602,CE-560EP,25,280,10/18/2007 01:43
1002603,CE-560EP,50,330,10/18/2007 01:43
1002617,BE-200,50,250,02/22/2008 03:04
1002618,BE-200,100,250,02/22/2008 03:04
1002619,BE-200,250,250,02/22/2008 03:04
1002620,BE-200,500,250,02/22/2008 03:04
1003635,HS-125-750,10,220,07/15/2008 03:36
1303795,GL6000S,10,200,08/20/2012 22:38
1303796,GL6000S,25,347,08/20/2012 22:38
1303797,GL6000S,50,421,08/20/2012 22:38
1303798,GL6000S,100,475,08/20/2012 22:38
1303799,GL6000S,250,486,08/20/2012 22:38
1303800,GL6000S,500,486,08/20/2012 22:38
1003695,DA-7X,10,200,01/27/2009 21:26
1003696,DA-7X,25,270,01/27/2009 21:26
1003697,DA-7X,50,388,01/27/2009 21:26
1003698,DA-7X,100,480,01/27/2009 21:26
1003699,DA-7X,250,485,01/27/2009 21:26
1003700,DA-7X,500,488,01/27/2009 21:26
1003705,DA-9EASY,10,200,06/08/2009 20:13
1003706,DA-9EASY,50,300,06/08/2009 20:13
1003707,DA-9EASY,75,380,06/08/2009 20:13
1003708,DA-9EASY,100,400,06/08/2009 20:13
1003709,DA-9EASY,250,440,06/08/2009 20:13
1003710,DA-9EASY,500,465,06/08/2009 20:13
1003715,IAI-1125,10,200,06/16/2009 01:01
1003716,IAI-1125,50,250,06/16/2009 01:01
1003717,IAI-1125,75,350,06/16/2009 01:01
1003718,IAI-1125,100,420,06/16/2009 01:01
1003719,IAI-1125,250,440,06/16/2009 01:01
1003720,IAI-1125,500,440,06/16/2009 01:01
1003755,G-400,10,200,08/13/2010 01:09
1003756,G-400,50,300,08/13/2010 01:09
1003757,G-400,75,380,08/13/2010 01:09
1003758,G-400,100,400,08/13/2010 01:09
1003759,G-400,250,440,08/13/2010 01:09
1003760,G-400,500,465,08/13/2010 01:09
1303801,BD-700-1A10X,10,200,08/20/2012 22:38
1303802,BD-700-1A10X,25,347,08/20/2012 22:38
1303803,BD-700-1A10X,50,421,08/20/2012 22:38
1303804,BD-700-1A10X,100,475,08/20/2012 22:38
1303805,BD-700-1A10X,250,486,08/20/2012 22:38
1303806,BD-700-1A10X,500,486,08/20/2012 22:38
1303807,GL5000S,10,200,08/20/2012 22:39
1303808,GL5000S,25,347,08/20/2012 22:39
1303809,GL5000S,50,421,08/20/2012 22:39
1303810,GL5000S,100,475,08/20/2012 22:39
1303811,GL5000S,250,486,08/20/2012 22:39
1303812,GL5000S,500,486,08/20/2012 22:39
1303875,SMALL,10,200,09/13/2013 01:02
1303876,SMALL,25,250,09/13/2013 01:02
1303877,SMALL,50,325,09/13/2013 01:02
1303878,SMALL,100,400,09/13/2013 01:02
1303879,SMALL,250,418,09/13/2013 01:02
1303880,SMALL,500,442,09/13/2013 01:02
1303881,MID,250,400,09/13/2013 01:03
1303882,MID,500,418,09/13/2013 01:03
1303883,MID,10,200,09/13/2013 01:03
1303884,MID,25,280,09/13/2013 01:03
1303885,MID,50,330,09/13/2013 01:03
1303886,MID,100,355,09/13/2013 01:03
1303887,SUPER MID,10,248,09/13/2013 01:04
1303888,SUPER MID,25,301,09/13/2013 01:04
1303889,SUPER MID,50,406,09/13/2013 01:04
1303890,SUPER MID,100,448,09/13/2013 01:04
1303891,SUPER MID,250,482,09/13/2013 01:04
1303892,SUPER MID,500,514,09/13/2013 01:04
1303893,LARGE,10,230,09/13/2013 01:04
1303894,LARGE,25,265,09/13/2013 01:04
1303895,LARGE,50,280,09/13/2013 01:04
1303896,LARGE,100,310,09/13/2013 01:04
1303897,LARGE,250,400,09/13/2013 01:04
1303898,LARGE,500,436,09/13/2013 01:04
1303899,HEAVY,10,200,09/13/2013 01:05
1303900,HEAVY,50,300,09/13/2013 01:05
1303901,HEAVY,75,380,09/13/2013 01:05
1303902,HEAVY,100,400,09/13/2013 01:05
1303903,HEAVY,250,440,09/13/2013 01:05
1303904,HEAVY,500,465,09/13/2013 01:05
1303905,G-650,10,200,09/13/2013 01:06
1303906,G-650,25,270,09/13/2013 01:06
1303907,G-650,50,388,09/13/2013 01:06
1303908,G-650,100,480,09/13/2013 01:06
1303909,G-650,250,485,09/13/2013 01:06
1303910,G-650,500,488,09/13/2013 01:06
1303915,G-280,10,200,11/01/2013 01:07
1303916,G-280,25,270,11/01/2013 01:07
1303917,G-280,50,388,11/01/2013 01:07
1303918,G-280,100,480,11/01/2013 01:07
1303919,G-280,250,485,11/01/2013 01:07
1303920,G-280,500,488,11/01/2013 01:07
1002625,CL-605,10,200,04/25/2008 01:50
1002626,CL-605,25,250,04/25/2008 01:50
1002627,CL-605,50,325,04/25/2008 01:50
1002628,CL-605,100,400,04/25/2008 01:50
1002629,CL-605,250,418,04/25/2008 01:50
1002630,CL-605,500,442,04/25/2008 01:50
1003685,BE-90F,10,200,01/07/2009 22:55
1003686,BE-90F,25,250,01/07/2009 22:55
1003687,BE-90F,50,250,01/07/2009 22:55
1003688,BE-90F,100,250,01/07/2009 22:55
1003689,BE-90F,250,250,01/07/2009 22:55
1003690,BE-90F,500,250,01/07/2009 22:55
1303765,BE-400/400A,10,180,01/07/2011 02:00
1303766,BE-400/400A,25,250,01/07/2011 02:00
1303767,BE-400/400A,50,325,01/07/2011 02:00
1303768,BE-400/400A,100,395,01/07/2011 02:00
1303769,BE-400/400A,250,418,01/07/2011 02:00
1303770,BE-400/400A,500,446,01/07/2011 02:00
1303855,EMB-505S,10,200,05/02/2013 21:05
1303856,EMB-505S,25,250,05/02/2013 21:05
1303857,EMB-505S,50,350,05/02/2013 21:05
1303858,EMB-505S,100,368,05/02/2013 21:05
1303859,EMB-505S,250,400,05/02/2013 21:05
1303860,EMB-505S,500,410,05/02/2013 21:05
1003655,LR-40XR,10,200,12/04/2008 20:23
1003656,LR-40XR,25,287,12/04/2008 20:23
1003657,LR-40XR,50,391,12/04/2008 20:23
1003658,LR-40XR,100,443,12/04/2008 20:23
1003659,LR-40XR,250,451,12/04/2008 20:23
1003660,LR-40XR,500,451,12/04/2008 20:23
1003735,CE-525,10,150,09/04/2009 02:01
1003736,CE-525,50,200,09/04/2009 02:01
1003737,CE-525,75,250,09/04/2009 02:01
1003738,CE-525,100,321,12/11/2009 01:58
1003739,CE-525,250,321,12/11/2009 01:58
1003740,CE-525,415,321,12/11/2009 01:58
1003741,G150,10,200,09/04/2009 02:02
1003742,G150,50,250,09/04/2009 02:02
1003743,G150,75,350,09/04/2009 02:02
1003744,G150,100,420,09/04/2009 02:02
1003745,G150,250,440,09/04/2009 02:02
1003746,G150,500,440,09/04/2009 02:02
1303785,DA-2000LX,10,200,04/13/2012 21:01
1303786,DA-2000LX,50,250,04/13/2012 21:01
1303787,DA-2000LX,75,350,04/13/2012 21:01
1303788,DA-2000LX,100,420,04/13/2012 21:01
1303789,DA-2000LX,250,460,04/13/2012 21:01
1303790,DA-2000LX,500,460,04/13/2012 21:01
1003636,HS-125-750,25,290,07/15/2008 03:36
1003637,HS-125-750,50,342,07/15/2008 03:36
1003638,HS-125-750,100,385,07/15/2008 03:36
1003639,HS-125-750,250,422,07/15/2008 03:36
1003640,HS-125-750,500,427,07/15/2008 03:36
1303775,EMB-505,10,200,12/14/2011 20:43
1303776,EMB-505,25,250,12/14/2011 20:43
1303777,EMB-505,50,350,12/14/2011 20:43
1303778,EMB-505,100,368,12/14/2011 20:43
1303779,EMB-505,250,400,12/14/2011 20:43
1303780,EMB-505,500,410,12/14/2011 20:43
1303865,CE-525B,10,180,05/10/2013 01:03
1303866,CE-525B,50,200,05/10/2013 01:03
1303867,CE-525B,75,250,05/10/2013 01:03
1303868,CE-525B,100,407,05/10/2013 01:03
1303869,CE-525B,250,407,05/10/2013 01:03
1303870,CE-525B,500,407,05/10/2013 01:03
1003665,BE-390,10,200,12/11/2008 22:51
1003666,BE-390,25,250,12/11/2008 22:51
1003667,BE-390,50,325,12/11/2008 22:51
1003668,BE-390,100,400,12/11/2008 22:51
1003669,BE-390,250,418,12/11/2008 22:51
1003670,BE-390,500,442,12/11/2008 22:51
1003671,RA-390,10,200,12/11/2008 22:51
1003672,RA-390,25,250,12/11/2008 22:51
1003673,RA-390,50,325,12/11/2008 22:51
1003674,RA-390,100,400,12/11/2008 22:51
1003675,RA-390,250,418,12/11/2008 22:51
1003676,RA-390,500,442,12/11/2008 22:51
1003725,LR-45XR,10,200,08/06/2009 03:17
1003726,LR-45XR,25,250,08/06/2009 03:17
1003727,LR-45XR,50,390,08/06/2009 03:17
1003728,LR-45XR,100,450,08/06/2009 03:17
1003729,LR-45XR,250,470,08/06/2009 03:17
1003730,LR-45XR,500,470,08/06/2009 03:17
1303815,DA-9EASY,10,200,11/30/2012 02:03
1303816,DA-9EASY,50,300,11/30/2012 02:03
1303817,DA-9EASY,75,380,11/30/2012 02:03
1303818,DA-9EASY,100,400,11/30/2012 02:03
1303819,DA-9EASY,250,440,11/30/2012 02:03
1303820,DA-9EASY,500,465,11/30/2012 02:03
1303925,LR-60XR,10,220,12/17/2013 02:04
1303926,LR-60XR,25,250,12/17/2013 02:04
1303927,LR-60XR,50,330,12/17/2013 02:04
1303928,LR-60XR,100,400,12/17/2013 02:04
1303929,LR-60XR,250,440,12/17/2013 02:04
1303930,LR-60XR,500,450,12/17/2013 02:04
1000001,SW-227-TT,10,100,02/27/2001 17:53
1000002,CE-550,10,100,02/27/2001 17:53
1000003,B-727,10,200,02/27/2001 17:53
1000004,C-425,10,130,02/27/2001 17:53
1000006,CE-650/III,10,200,02/27/2001 17:53
1000007,CE-650/VI,10,200,02/27/2001 17:53
1000009,BE-60,10,90,02/27/2001 17:53
1000010,BAC-111,10,200,02/27/2001 17:53
1000011,CRJ-100,10,200,02/27/2001 17:53
1000012,LR-31,10,210,02/27/2001 17:53
1000016,C-404,10,100,02/27/2001 17:53
1000017,PA-31,10,60,02/27/2001 17:53
1000020,MD-50,10,200,02/27/2001 17:53
1000021,MD-200,10,200,02/27/2001 17:53
1000022,MD-20,10,200,02/27/2001 17:53
1000024,SF-340,10,100,02/27/2001 17:53
1000025,BE-1900,10,100,02/27/2001 17:53
1000028,MU-300,10,215,02/27/2001 17:53
1000029,PA-42,10,100,02/27/2001 17:53
1000030,J-31,10,110,02/27/2001 17:53
1000031,EM-110,10,100,02/27/2001 17:53
1000032,S-76A,10,110,02/27/2001 17:53
1000034,MD-10,10,200,02/27/2001 17:53
1000035,LR-36,10,215,02/27/2001 17:53
1000036,LR-55,10,200,02/27/2001 17:53
1000040,BN-2A-20,10,110,02/27/2001 17:53
1000041,BE-90,10,100,02/27/2001 17:53
1000043,BE-58,10,90,02/27/2001 17:53
1000045,BE-100,10,100,02/27/2001 17:53
1000046,LR-35,10,210,02/27/2001 17:53
1000049,HB-412,10,130,02/27/2001 17:53
1000050,LR-25,10,200,02/27/2001 17:53
1000051,LR-24,10,200,02/27/2001 17:53
1000052,AS-355,10,50,02/27/2001 17:53
1000054,AG-109A,10,155,02/27/2001 17:53
1000057,LR-25XR,10,200,02/27/2001 17:53
1000060,L-1329-25,10,100,02/27/2001 17:53
1000062,IAI-1124A,10,200,02/27/2001 17:53
1000063,IAI-1124,10,200,02/27/2001 17:53
1000064,HS-700,10,200,02/27/2001 17:53
1000065,HS-600/731,10,200,02/27/2001 17:53
1000066,HS-600,10,200,02/27/2001 17:53
1000067,HS-400/731,10,200,02/27/2001 17:53
1000068,HS-400,10,200,02/27/2001 17:53
1000071,BE-300,10,100,02/27/2001 17:53
1000072,G-1159B,10,200,02/27/2001 17:53
1000074,G-1159,10,200,02/27/2001 17:53
1000076,CL-601,10,200,02/27/2001 17:53
1000078,CE-S550,10,180,02/27/2001 17:53
1000079,CE-650,10,200,02/27/2001 17:53
1000080,CE-560,10,200,02/27/2001 17:53
1000081,CE-500,10,100,02/27/2001 17:53
1000082,B-737-100,10,200,02/27/2001 17:53
1000083,PA-23-250,10,70,02/27/2001 17:53
1000084,CE-310,10,100,02/27/2001 17:53
1000086,CE-340A,10,80,02/27/2001 17:53
1000087,PA-31-350,10,60,02/27/2001 17:53
1000090,XSUB.CON,10,100,02/27/2001 17:53
1000092,CE-402B,10,60,02/27/2001 17:53
1000093,LR-25D,10,200,02/27/2001 17:53
1000094,GIV,10,200,02/27/2001 17:53
1000096,BE-350,10,100,02/27/2001 17:53
1000097,CE-501,10,100,02/27/2001 17:53
1000098,BE-1300,10,100,02/27/2001 17:53
1000099,DC-3,5,90,02/27/2001 17:53
1000100,DC-9,100,300,02/27/2001 17:53
1000104,SA-226-AT,10,100,02/27/2001 17:53
1000109,CE-208B,10,80,02/27/2001 17:53
1000114,R-44,10,110,02/27/2001 17:53
1000122,PC-12,10,160,02/27/2001 17:53
1000123,AC-90,10,100,02/27/2001 17:53
1000128,SW-227-TT,25,180,02/27/2001 17:53
1000129,CE-550,25,200,02/27/2001 17:53
1000130,B-727,25,280,02/27/2001 17:53
1000131,C-425,25,180,02/27/2001 17:53
1000133,CE-650/III,25,290,02/27/2001 17:53
1000134,CE-650/VI,25,288,02/27/2001 17:53
1000136,BE-60,25,160,02/27/2001 17:53
1000137,BAC-111,50,250,02/27/2001 17:53
1000138,CRJ-100,25,280,02/27/2001 17:53
1000139,LR-31,25,225,02/27/2001 17:53
1000143,C-404,25,145,02/27/2001 17:53
1000144,PA-31,25,100,02/27/2001 17:53
1000147,MD-50,50,250,02/27/2001 17:53
1000148,MD-200,50,250,02/27/2001 17:53
1000149,MD-20,50,250,02/27/2001 17:53
1000151,SF-340,25,190,02/27/2001 17:53
1000152,BE-1900,25,210,02/27/2001 17:53
1000155,MU-300,25,225,02/27/2001 17:53
1000156,PA-42,25,220,02/27/2001 17:53
1000157,J-31,25,215,02/27/2001 17:53
1000158,EM-110,25,200,02/27/2001 17:53
1000159,S-76A,25,130,02/27/2001 17:53
1000161,MD-10,50,250,02/27/2001 17:53
1000162,LR-36,25,225,02/27/2001 17:53
1000163,LR-55,50,250,02/27/2001 17:53
1000167,BN-2A-20,25,200,02/27/2001 17:53
1000168,BE-90,25,200,02/27/2001 17:53
1000170,BE-58,25,160,02/27/2001 17:53
1000172,BE-100,25,150,02/27/2001 17:53
1000173,LR-35,25,225,02/27/2001 17:53
1000176,HB-412,50,130,02/27/2001 17:53
1000177,LR-25,25,225,02/27/2001 17:53
1000178,LR-24,25,250,02/27/2001 17:53
1000179,AS-355,25,80,02/27/2001 17:53
1000181,AG-109A,50,160,02/27/2001 17:53
1000184,LR-25XR,25,250,02/27/2001 17:53
1000187,L-1329-25,25,200,02/27/2001 17:53
1000189,IAI-1124A,25,280,02/27/2001 17:53
1000190,IAI-1124,25,280,02/27/2001 17:53
1000191,HS-700,50,250,02/27/2001 17:53
1000192,HS-600/731,50,250,02/27/2001 17:53
1000193,HS-600,50,250,02/27/2001 17:53
1000194,HS-400/731,50,250,02/27/2001 17:53
1000195,HS-400,25,280,02/27/2001 17:53
1000198,BE-300,25,200,02/27/2001 17:53
1000199,G-1159B,50,250,02/27/2001 17:53
1000201,G-1159,25,250,02/27/2001 17:53
1000203,CL-601,50,250,02/27/2001 17:53
1000205,CE-S550,25,200,02/27/2001 17:53
1000206,CE-650,25,290,02/27/2001 17:53
1000207,CE-560,25,280,02/27/2001 17:53
1000208,CE-500,25,200,02/27/2001 17:53
1000209,B-737-100,25,310,02/27/2001 17:53
1000210,PA-23-250,25,95,02/27/2001 17:53
1000211,CE-310,25,145,02/27/2001 17:53
1000213,CE-340A,25,120,02/27/2001 17:53
1000214,PA-31-350,25,150,02/27/2001 17:53
1000217,XSUB.CON,25,200,02/27/2001 17:53
1000219,CE-402B,25,100,02/27/2001 17:53
1000220,LR-25D,25,255,02/27/2001 17:53
1000221,GIV,50,300,02/27/2001 17:53
1000223,BE-350,25,200,02/27/2001 17:53
1000224,CE-501,25,200,02/27/2001 17:53
1000225,BE-1300,25,200,02/27/2001 17:53
1000226,DC-3,50,120,02/27/2001 17:53
1000227,DC-9,500,450,02/27/2001 17:53
1000231,SA-226-AT,25,220,02/27/2001 17:53
1000236,CE-208B,25,120,02/27/2001 17:53
1000241,R-44,25,113,02/27/2001 17:53
1000249,PC-12,25,160,02/27/2001 17:53
1000250,AC-90,25,150,02/27/2001 17:53
1000255,SW-227-TT,50,225,02/27/2001 17:53
1000256,CE-550,50,250,02/27/2001 17:53
1000257,B-727,50,330,02/27/2001 17:53
1000258,C-425,50,220,02/27/2001 17:53
1000260,CE-650/III,50,360,02/27/2001 17:53
1000261,CE-650/VI,50,360,02/27/2001 17:53
1000263,BE-60,50,190,02/27/2001 17:53
1000264,BAC-111,75,325,02/27/2001 17:53
1000265,CRJ-100,50,330,02/27/2001 17:53
1000266,LR-31,50,335,02/27/2001 17:53
1000270,C-404,50,160,02/27/2001 17:53
1000271,PA-31,50,130,02/27/2001 17:53
1000274,MD-50,75,330,02/27/2001 17:53
1000275,MD-200,75,320,02/27/2001 17:53
1000276,MD-20,75,320,02/27/2001 17:53
1000278,SF-340,50,220,02/27/2001 17:53
1000279,BE-1900,50,260,02/27/2001 17:53
1000282,MU-300,50,340,02/27/2001 17:53
1000283,PA-42,50,275,02/27/2001 17:53
1000284,J-31,50,255,02/27/2001 17:53
1000285,EM-110,50,230,02/27/2001 17:53
1000286,S-76A,50,140,02/27/2001 17:53
1000288,MD-10,75,330,02/27/2001 17:53
1000289,LR-36,50,340,02/27/2001 17:53
1000290,LR-55,75,325,02/27/2001 17:53
1000294,BN-2A-20,50,257,02/27/2001 17:53
1000295,BE-90,50,210,02/27/2001 17:53
1000297,BE-58,50,190,02/27/2001 17:53
1000299,BE-100,50,170,02/27/2001 17:53
1000300,LR-35,50,335,02/27/2001 17:53
1000303,HB-412,75,130,02/27/2001 17:53
1000304,LR-25,50,320,02/27/2001 17:53
1000305,LR-24,50,350,02/27/2001 17:53
1000306,AS-355,50,85,02/27/2001 17:53
1000308,AG-109A,75,165,02/27/2001 17:53
1000311,LR-25XR,50,325,02/27/2001 17:53
1000314,L-1329-25,50,250,02/27/2001 17:53
1000316,IAI-1124A,50,330,02/27/2001 17:53
1000317,IAI-1124,50,330,02/27/2001 17:53
1000318,HS-700,75,325,02/27/2001 17:53
1000319,HS-600/731,75,300,02/27/2001 17:53
1000320,HS-600,75,300,02/27/2001 17:53
1000321,HS-400/731,75,325,02/27/2001 17:53
1000322,HS-400,50,300,02/27/2001 17:53
1000325,BE-300,50,230,02/27/2001 17:53
1000326,G-1159B,75,325,02/27/2001 17:53
1000328,G-1159,50,300,02/27/2001 17:53
1000330,CL-601,75,325,02/27/2001 17:53
1000332,CE-S550,50,300,02/27/2001 17:53
1000333,CE-650,50,359,02/27/2001 17:53
1000334,CE-560,50,330,02/27/2001 17:53
1000335,CE-500,50,240,02/27/2001 17:53
1000336,B-737-100,50,385,02/27/2001 17:53
1000337,PA-23-250,50,145,02/27/2001 17:53
1000338,CE-310,50,160,02/27/2001 17:53
1000340,CE-340A,50,140,02/27/2001 17:53
1000341,PA-31-350,50,180,02/27/2001 17:53
1000344,XSUB.CON,50,300,02/27/2001 17:53
1000346,CE-402B,50,130,02/27/2001 17:53
1000347,LR-25D,50,330,02/27/2001 17:53
1000348,GIV,75,380,02/27/2001 17:53
1000350,BE-350,50,230,02/27/2001 17:53
1000351,CE-501,50,250,02/27/2001 17:53
1000352,BE-1300,50,225,02/27/2001 17:53
1000353,DC-3,80,170,02/27/2001 17:53
1000354,DC-9,1000,450,02/27/2001 17:53
1000358,SA-226-AT,50,275,02/27/2001 17:53
1000363,CE-208B,50,140,02/27/2001 17:53
1000368,R-44,50,113,02/27/2001 17:53
1000376,PC-12,50,220,02/27/2001 17:53
1000377,AC-90,50,170,02/27/2001 17:53
1000382,SW-227-TT,100,225,02/27/2001 17:53
1000383,CE-550,100,300,02/27/2001 17:53
1000384,B-727,100,355,02/27/2001 17:53
1000385,C-425,100,264,02/27/2001 17:53
1000387,CE-650/III,100,431,02/27/2001 17:53
1000388,CE-650/VI,100,436,02/27/2001 17:53
1000390,BE-60,100,210,02/27/2001 17:53
1000391,BAC-111,100,380,02/27/2001 17:53
1000392,CRJ-100,100,355,02/27/2001 17:53
1000393,LR-31,100,400,02/27/2001 17:53
1000397,C-404,100,180,02/27/2001 17:53
1000398,PA-31,100,160,02/27/2001 17:53
1000401,MD-50,100,390,02/27/2001 17:53
1000402,MD-200,100,370,02/27/2001 17:53
1000403,MD-20,100,350,02/27/2001 17:53
1000405,SF-340,100,260,02/27/2001 17:53
1000406,BE-1900,100,260,02/27/2001 17:53
1000409,MU-300,100,420,02/27/2001 17:53
1000410,PA-42,100,285,02/27/2001 17:53
1000411,J-31,100,260,02/27/2001 17:53
1000412,EM-110,100,250,02/27/2001 17:53
1000413,S-76A,100,140,02/27/2001 17:53
1000415,MD-10,100,390,02/27/2001 17:53
1000416,LR-36,100,420,02/27/2001 17:53
1000417,LR-55,100,380,02/27/2001 17:53
1000421,BN-2A-20,100,257,02/27/2001 17:53
1000422,BE-90,100,215,02/27/2001 17:53
1000424,BE-58,100,218,02/27/2001 17:53
1000426,BE-100,100,220,02/27/2001 17:53
1000427,LR-35,100,400,02/27/2001 17:53
1000430,HB-412,100,130,02/27/2001 17:53
1000431,LR-25,100,350,02/27/2001 17:53
1000432,LR-24,100,380,02/27/2001 17:53
1000433,AS-355,100,85,02/27/2001 17:53
1000435,AG-109A,100,165,02/27/2001 17:53
1000438,LR-25XR,100,380,02/27/2001 17:53
1000441,L-1329-25,100,300,02/27/2001 17:53
1000443,IAI-1124A,100,355,02/27/2001 17:53
1000444,IAI-1124,100,355,02/27/2001 17:53
1000445,HS-700,100,380,02/27/2001 17:53
1000446,HS-600/731,100,360,02/27/2001 17:53
1000447,HS-600,100,350,02/27/2001 17:53
1000448,HS-400/731,100,370,02/27/2001 17:53
1000449,HS-400,100,340,02/27/2001 17:53
1000452,BE-300,100,260,02/27/2001 17:53
1000453,G-1159B,100,390,02/27/2001 17:53
1000455,G-1159,100,350,02/27/2001 17:53
1000457,CL-601,100,380,02/27/2001 17:53
1000459,CE-S550,100,310,02/27/2001 17:53
1000460,CE-650,100,436,02/27/2001 17:53
1000461,CE-560,100,355,02/27/2001 17:53
1000462,CE-500,100,290,02/27/2001 17:53
1000463,B-737-100,100,405,02/27/2001 17:53
1000464,PA-23-250,100,175,02/27/2001 17:53
1000465,CE-310,100,180,02/27/2001 17:53
1000467,CE-340A,100,180,02/27/2001 17:53
1000468,PA-31-350,100,200,02/27/2001 17:53
1000471,XSUB.CON,100,325,02/27/2001 17:53
1000473,CE-402B,100,180,02/27/2001 17:53
1000474,LR-25D,100,380,02/27/2001 17:53
1000475,GIV,100,400,02/27/2001 17:53
1000477,BE-350,100,250,02/27/2001 17:53
1000478,CE-501,100,300,02/27/2001 17:53
1000479,BE-1300,100,240,02/27/2001 17:53
1000480,DC-3,90,175,02/27/2001 17:53
1000481,DC-9,1500,450,02/27/2001 17:53
1000485,SA-226-AT,100,285,02/27/2001 17:53
1000490,CE-208B,100,180,02/27/2001 17:53
1000495,R-44,100,113,02/27/2001 17:53
1000503,PC-12,100,250,02/27/2001 17:53
1000504,AC-90,100,225,02/27/2001 17:53
1000509,SW-227-TT,250,225,02/27/2001 17:53
1000510,CE-550,250,360,02/27/2001 17:53
1000511,B-727,250,420,02/27/2001 17:53
1000512,C-425,250,264,02/27/2001 17:53
1000514,CE-650/III,250,445,02/27/2001 17:53
1000515,CE-650/VI,250,450,02/27/2001 17:53
1000517,BE-60,250,210,02/27/2001 17:53
