1003847,-31,-55,224,-22,-21,08/24/2001 12:03
1003848,-31,-55,224,-21,-21,08/24/2001 12:03
1003849,-48,-79,314,89,-30,08/24/2001 12:03
1003850,-48,-79,314,88,-29,08/24/2001 12:03
1003851,-48,-79,314,87,-29,08/24/2001 12:03
1003852,-48,-79,314,86,-29,08/24/2001 12:03
1003853,-48,-79,314,85,-29,08/24/2001 12:03
1003854,-48,-79,314,84,-29,08/24/2001 12:03
1003855,-48,-79,314,83,-29,08/24/2001 12:03
1003856,-48,-79,314,82,-29,08/24/2001 12:03
1003857,-48,-79,314,81,-29,08/24/2001 12:03
1003858,-48,-79,314,80,-28,08/24/2001 12:03
1003859,-48,-79,314,79,-28,08/24/2001 12:03
1003860,-48,-79,314,78,-28,08/24/2001 12:03
1003861,-48,-79,314,77,-28,08/24/2001 12:03
1003862,-48,-79,314,76,-28,08/24/2001 12:03
1003863,-48,-79,314,75,-28,08/24/2001 12:03
1003864,-48,-79,314,74,-28,08/24/2001 12:03
1003865,-48,-78,314,73,-27,08/24/2001 12:03
1003866,-48,-78,314,72,-27,08/24/2001 12:03
1003867,-48,-78,314,71,-27,08/24/2001 12:03
1003868,-48,-78,314,70,-27,08/24/2001 12:03
1003869,-48,-78,314,69,-27,08/24/2001 12:03
1003870,-48,-78,314,68,-27,08/24/2001 12:03
1003871,-48,-78,314,67,-27,08/24/2001 12:03
1003872,-48,-78,314,66,-27,08/24/2001 12:03
1003873,-48,-78,314,65,-27,08/24/2001 12:03
1003874,-48,-78,314,64,-26,08/24/2001 12:03
1003875,-48,-78,314,63,-26,08/24/2001 12:03
1003876,-48,-78,314,62,-26,08/24/2001 12:03
1003877,-48,-78,314,61,-26,08/24/2001 12:03
1003878,-48,-78,314,60,-26,08/24/2001 12:03
1003879,-48,-70,314,59,-26,08/24/2001 12:03
1003880,-48,-44,314,58,-26,08/24/2001 12:03
1003881,-47,-44,314,57,-25,08/24/2001 12:03
1003882,-47,-66,314,56,-25,08/24/2001 12:03
1003883,-47,-66,314,55,-25,08/24/2001 12:03
1003884,-47,-66,314,54,-25,08/24/2001 12:03
1003885,-47,-66,314,53,-25,08/24/2001 12:03
1003886,-47,-66,314,52,-25,08/24/2001 12:03
1003887,-47,-77,314,51,-25,08/24/2001 12:03
1003888,-47,-66,314,50,-25,08/24/2001 12:03
1003889,-47,-77,314,49,-24,08/24/2001 12:03
1003890,-47,-66,314,48,-24,08/24/2001 12:03
1003891,-31,-55,224,-20,-21,08/24/2001 12:03
1003892,-31,-55,224,-19,-21,08/24/2001 12:03
1003893,-31,-55,224,-18,-21,08/24/2001 12:03
1003894,-30,-55,224,-17,-20,08/24/2001 12:03
1003895,-30,-55,224,-16,-20,08/24/2001 12:03
1003896,19,24,179,-89,9,08/24/2001 12:03
1003897,19,24,179,-88,9,08/24/2001 12:03
1003898,19,24,179,-87,9,08/24/2001 12:03
1003899,19,24,179,-86,9,08/24/2001 12:03
1003900,19,24,179,-85,9,08/24/2001 12:03
1003901,19,24,179,-84,9,08/24/2001 12:03
1003902,19,24,179,-83,9,08/24/2001 12:03
1003903,19,24,179,-82,9,08/24/2001 12:03
1003904,19,24,179,-81,9,08/24/2001 12:03
1003905,-47,-66,314,47,-24,08/24/2001 12:03
1003906,-47,-66,314,46,-24,08/24/2001 12:03
1003907,-47,-66,314,45,-24,08/24/2001 12:03
1003908,-47,-66,314,44,-24,08/24/2001 12:03
1003909,-47,-66,314,43,-24,08/24/2001 12:03
1003910,-47,-66,314,42,-24,08/24/2001 12:03
1003911,-47,-62,314,41,-23,08/24/2001 12:03
1003912,-47,-66,314,40,-23,08/24/2001 12:03
1003913,-46,-62,314,39,-23,08/24/2001 12:03
1003914,-46,-66,314,38,-23,08/24/2001 12:03
1003915,-46,-66,314,37,-23,08/24/2001 12:03
1003916,-46,-66,314,36,-23,08/24/2001 12:03
1003917,-46,-66,314,35,-23,08/24/2001 12:03
1003918,-46,-66,314,34,-22,08/24/2001 12:03
1003919,-46,-66,314,33,-22,08/24/2001 12:03
1003920,-46,-66,314,32,-22,08/24/2001 12:03
1003921,-46,-66,314,31,-22,08/24/2001 12:03
1003922,-46,-66,314,30,-22,08/24/2001 12:03
1003923,-46,-66,314,29,-22,08/24/2001 12:03
1003924,-46,-76,314,28,-22,08/24/2001 12:03
1003925,-46,-76,314,27,-22,08/24/2001 12:03
1003926,-46,-76,314,26,-21,08/24/2001 12:03
1003927,-46,-76,314,25,-21,08/24/2001 12:03
1003928,-46,-76,314,24,-21,08/24/2001 12:03
1003929,-45,-75,314,23,-21,08/24/2001 12:03
1003930,-45,-75,314,22,-21,08/24/2001 12:03
1003931,-45,-75,314,21,-21,08/24/2001 12:03
1003932,-45,-75,314,20,-21,08/24/2001 12:03
1003933,-45,-75,314,19,-21,08/24/2001 12:03
1003934,-45,-75,314,18,-20,08/24/2001 12:03
1003935,-45,-75,314,17,-20,08/24/2001 12:03
1003936,-45,-75,314,16,-20,08/24/2001 12:03
1003937,-54,-84,269,89,-44,08/24/2001 12:03
1003938,-54,-84,269,88,-44,08/24/2001 12:03
1003939,-54,-84,269,87,-44,08/24/2001 12:03
1003940,-54,-84,269,86,-44,08/24/2001 12:03
1003941,-54,-84,269,85,-44,08/24/2001 12:03
1003942,-54,-84,269,84,-44,08/24/2001 12:03
1003943,-54,-84,269,83,-44,08/24/2001 12:03
1003944,-54,-84,269,82,-43,08/24/2001 12:03
1003945,-54,-84,269,81,-43,08/24/2001 12:03
1003946,-54,-84,269,80,-43,08/24/2001 12:03
1003947,-54,-84,269,79,-43,08/24/2001 12:03
1003699,9,14,44,-74,4,08/24/2001 12:03
1003700,8,13,44,-73,3,08/24/2001 12:03
1003701,8,13,44,-72,3,08/24/2001 12:03
1003702,8,13,44,-71,3,08/24/2001 12:03
1003703,8,13,44,-70,3,08/24/2001 12:03
1003704,8,13,44,-69,3,08/24/2001 12:03
1003705,8,13,44,-68,3,08/24/2001 12:03
1003706,8,13,44,-67,3,08/24/2001 12:03
1003707,8,13,44,-66,3,08/24/2001 12:03
1003708,8,13,44,-65,3,08/24/2001 12:03
1003709,8,13,44,-64,3,08/24/2001 12:03
1003710,8,13,44,-63,3,08/24/2001 12:03
1003711,8,13,44,-62,3,08/24/2001 12:03
1003712,8,13,44,-61,3,08/24/2001 12:03
1003713,8,13,44,-60,3,08/24/2001 12:03
1003714,8,13,44,-59,3,08/24/2001 12:03
1003715,8,13,44,-58,3,08/24/2001 12:03
1003716,8,13,44,-57,3,08/24/2001 12:03
1003717,7,12,44,-56,2,08/24/2001 12:03
1003718,7,12,44,-55,2,08/24/2001 12:03
1003719,7,12,44,-54,2,08/24/2001 12:03
1003720,7,12,44,-53,2,08/24/2001 12:03
1003721,7,12,44,-52,2,08/24/2001 12:03
1003722,7,12,44,-51,2,08/24/2001 12:03
1003723,7,12,44,-50,2,08/24/2001 12:03
1003724,7,12,44,-49,2,08/24/2001 12:03
1003725,7,12,44,-48,2,08/24/2001 12:03
1003726,7,12,44,-47,2,08/24/2001 12:03
1003727,7,12,44,-46,2,08/24/2001 12:03
1003728,7,12,44,-45,2,08/24/2001 12:03
1003729,7,12,44,-44,2,08/24/2001 12:03
1003730,7,12,44,-43,2,08/24/2001 12:03
1003731,7,12,44,-42,2,08/24/2001 12:03
1003732,7,12,44,-41,2,08/24/2001 12:03
1003733,6,12,44,-40,2,08/24/2001 12:03
1003734,6,11,44,-39,1,08/24/2001 12:03
1003735,6,11,44,-38,1,08/24/2001 12:03
1003736,6,11,44,-37,1,08/24/2001 12:03
1003737,6,11,44,-36,1,08/24/2001 12:03
1003738,6,11,44,-35,1,08/24/2001 12:03
1003739,6,11,44,-34,1,08/24/2001 12:03
1003740,6,11,44,-33,1,08/24/2001 12:03
1003741,6,11,44,-32,1,08/24/2001 12:03
1003742,6,11,44,-31,1,08/24/2001 12:03
1003743,6,11,44,-30,1,08/24/2001 12:03
1003744,6,11,44,-29,1,08/24/2001 12:03
1003745,6,11,44,-28,1,08/24/2001 12:03
1003746,6,11,44,-27,1,08/24/2001 12:03
1003747,6,11,44,-26,1,08/24/2001 12:03
1003748,6,11,44,-25,1,08/24/2001 12:03
1003749,6,11,44,-24,1,08/24/2001 12:03
1003750,5,10,44,-23,1,08/24/2001 12:03
1003751,5,10,44,-22,-1,08/24/2001 12:03
1003752,5,10,44,-21,-1,08/24/2001 12:03
1003753,5,10,44,-20,-1,08/24/2001 12:03
1003754,5,10,44,-19,-1,08/24/2001 12:03
1003755,5,10,44,-18,-1,08/24/2001 12:03
1003756,5,10,44,-17,-1,08/24/2001 12:03
1003757,-34,-54,359,-88,-24,08/24/2001 12:03
1003758,-34,-54,359,-87,-24,08/24/2001 12:03
1003759,-34,-54,359,-86,-23,08/24/2001 12:03
1003760,-34,-54,359,-85,-23,08/24/2001 12:03
1003761,-34,-54,359,-84,-23,08/24/2001 12:03
1003762,-34,-54,359,-83,-23,08/24/2001 12:03
1003763,-34,-54,359,-82,-22,08/24/2001 12:03
1003764,-34,-54,359,-81,-22,08/24/2001 12:03
1003765,-34,-54,359,-80,-22,08/24/2001 12:03
1003766,-34,-54,359,-79,-22,08/24/2001 12:03
1003767,-34,-54,359,-78,-21,08/24/2001 12:03
1003768,-34,-54,359,-77,-21,08/24/2001 12:03
1003769,-34,-54,359,-76,-21,08/24/2001 12:03
1003770,-34,-54,359,-75,-21,08/24/2001 12:03
1003771,-34,-54,359,-74,-20,08/24/2001 12:03
1003772,-33,-53,359,-73,-20,08/24/2001 12:03
1003773,-33,-53,359,-72,-20,08/24/2001 12:03
1003774,-33,-53,359,-71,-20,08/24/2001 12:03
1003775,-33,-53,359,-70,-19,08/24/2001 12:03
1003776,-33,-53,359,-69,-19,08/24/2001 12:03
1003777,-33,-53,359,-68,-19,08/24/2001 12:03
1003778,-33,-53,359,-67,-19,08/24/2001 12:03
1003779,-50,-80,269,-16,-30,08/24/2001 12:03
1003780,-44,-59,224,-89,-34,08/24/2001 12:03
1003781,-44,-59,224,-88,-34,08/24/2001 12:03
1003782,-44,-59,224,-87,-34,08/24/2001 12:03
1003783,-44,-59,224,-86,-34,08/24/2001 12:03
1003784,-44,-59,224,-85,-34,08/24/2001 12:03
1003785,-44,-59,224,-84,-34,08/24/2001 12:03
1003786,-44,-59,224,-83,-34,08/24/2001 12:03
1003787,-42,-59,224,-82,-33,08/24/2001 12:03
1003788,-42,-59,224,-81,-33,08/24/2001 12:03
1003789,-42,-59,224,-80,-33,08/24/2001 12:03
1003790,-42,-59,224,-79,-33,08/24/2001 12:03
1003791,-42,-59,224,-78,-33,08/24/2001 12:03
1003792,-42,-59,224,-77,-32,08/24/2001 12:03
1003793,-42,-59,224,-76,-32,08/24/2001 12:03
1003794,-42,-59,224,-75,-32,08/24/2001 12:03
1003795,-42,-59,224,-74,-32,08/24/2001 12:03
1003796,-42,-58,224,-73,-32,08/24/2001 12:03
1003797,-41,-58,224,-72,-31,08/24/2001 12:03
1003798,-41,-58,224,-71,-31,08/24/2001 12:03
1003799,-41,-58,224,-70,-31,08/24/2001 12:03
1003800,-41,-58,224,-69,-31,08/24/2001 12:03
1003801,-41,-58,224,-68,-31,08/24/2001 12:03
1003802,-40,-58,224,-67,-30,08/24/2001 12:03
1003803,-40,-58,224,-66,-30,08/24/2001 12:03
1003804,-40,-58,224,-65,-30,08/24/2001 12:03
1003805,-40,-58,224,-64,-30,08/24/2001 12:03
1003806,-40,-58,224,-63,-30,08/24/2001 12:03
1003807,-39,-58,224,-62,-29,08/24/2001 12:03
1003808,-39,-58,224,-61,-29,08/24/2001 12:03
1003809,-39,-58,224,-60,-29,08/24/2001 12:03
1003810,-39,-58,224,-59,-29,08/24/2001 12:03
1003811,-39,-58,224,-58,-29,08/24/2001 12:03
1003812,-38,-58,224,-57,-28,08/24/2001 12:03
1003813,-38,-57,224,-56,-28,08/24/2001 12:03
1003814,-38,-57,224,-55,-28,08/24/2001 12:03
1003815,-38,-57,224,-54,-28,08/24/2001 12:03
1003816,-38,-57,224,-53,-28,08/24/2001 12:03
1003817,-37,-57,224,-52,-27,08/24/2001 12:03
1003818,-37,-57,224,-51,-27,08/24/2001 12:03
1003819,-37,-57,224,-50,-27,08/24/2001 12:03
1003820,-37,-57,224,-49,-27,08/24/2001 12:03
1003821,-37,-57,224,-48,-27,08/24/2001 12:03
1003822,-36,-57,224,-47,-26,08/24/2001 12:03
1003823,-36,-57,224,-46,-26,08/24/2001 12:03
1003824,-36,-57,224,-45,-26,08/24/2001 12:03
1003570,-46,-76,314,-39,-23,08/24/2001 12:03
1003571,-46,-76,314,-38,-23,08/24/2001 12:03
1003572,-46,-76,314,-37,-23,08/24/2001 12:03
1003573,-46,-76,314,-36,-23,08/24/2001 12:03
1003574,-46,-76,314,-35,-23,08/24/2001 12:03
1003575,-46,-76,314,-34,-22,08/24/2001 12:03
1003576,-46,-76,314,-33,-22,08/24/2001 12:03
1003577,-46,-76,314,-32,-22,08/24/2001 12:03
1003578,-46,-76,314,-31,-22,08/24/2001 12:03
1003579,-46,-76,314,-30,-22,08/24/2001 12:03
1003580,-46,-76,314,-29,-22,08/24/2001 12:03
1003581,-46,-76,314,-28,-22,08/24/2001 12:03
1003582,-46,-76,314,-27,-22,08/24/2001 12:03
1003583,-46,-76,314,-26,-21,08/24/2001 12:03
1003584,-46,-76,314,-25,-21,08/24/2001 12:03
1003585,-46,-76,314,-24,-21,08/24/2001 12:03
1003586,-45,-75,314,-23,-21,08/24/2001 12:03
1003587,-45,-75,314,-22,-21,08/24/2001 12:03
1003588,-45,-75,314,-21,-21,08/24/2001 12:03
1003589,-45,-75,314,-20,-21,08/24/2001 12:03
1003590,-45,-75,314,-19,-21,08/24/2001 12:03
1003591,-45,-75,314,-18,-20,08/24/2001 12:03
1003592,-45,-75,314,-17,-20,08/24/2001 12:03
1003593,-45,-75,314,-16,-20,08/24/2001 12:03
1003594,-54,-84,269,-89,-44,08/24/2001 12:03
1003595,-54,-84,269,-88,-44,08/24/2001 12:03
1003596,-54,-84,269,-87,-44,08/24/2001 12:03
1003597,5,16,89,-88,1,08/24/2001 12:03
1003598,6,16,89,-87,1,08/24/2001 12:03
1003599,6,17,89,-86,2,08/24/2001 12:03
1003600,6,17,89,-85,2,08/24/2001 12:03
1003601,6,17,89,-84,2,08/24/2001 12:03
1003602,6,17,89,-83,3,08/24/2001 12:03
1003603,7,18,89,-82,3,08/24/2001 12:03
1003604,7,18,89,-81,3,08/24/2001 12:03
1003605,7,18,89,-80,4,08/24/2001 12:03
1003606,7,18,89,-79,4,08/24/2001 12:03
1003607,7,19,89,-78,4,08/24/2001 12:03
1003608,8,19,89,-77,5,08/24/2001 12:03
1003609,8,19,89,-76,5,08/24/2001 12:03
1003610,8,19,89,-75,5,08/24/2001 12:03
1003611,8,20,89,-74,6,08/24/2001 12:03
1003612,8,20,89,-73,6,08/24/2001 12:03
1003613,9,20,89,-72,6,08/24/2001 12:03
1003614,9,20,89,-71,7,08/24/2001 12:03
1003615,9,21,89,-70,7,08/24/2001 12:03
1003616,9,21,89,-69,7,08/24/2001 12:03
1003617,9,21,89,-68,8,08/24/2001 12:03
1003618,10,21,89,-67,8,08/24/2001 12:03
1003619,10,22,89,-66,8,08/24/2001 12:03
1003620,10,22,89,-65,9,08/24/2001 12:03
1003621,10,22,89,-64,9,08/24/2001 12:03
1003622,10,23,89,-63,9,08/24/2001 12:03
1003623,11,23,89,-62,9,08/24/2001 12:03
1003624,11,23,89,-61,10,08/24/2001 12:03
1003625,11,23,89,-60,10,08/24/2001 12:03
1003626,11,24,89,-59,10,08/24/2001 12:03
1003627,11,24,89,-58,11,08/24/2001 12:03
1003628,12,24,89,-57,11,08/24/2001 12:03
1003629,12,24,89,-56,11,08/24/2001 12:03
1003630,12,25,89,-55,12,08/24/2001 12:03
1003631,12,25,89,-54,12,08/24/2001 12:03
1003632,12,25,89,-53,12,08/24/2001 12:03
1003633,13,25,89,-52,13,08/24/2001 12:03
1003634,13,26,89,-51,13,08/24/2001 12:03
1003635,13,26,89,-50,13,08/24/2001 12:03
1003636,13,26,89,-49,14,08/24/2001 12:03
1003637,13,26,89,-48,14,08/24/2001 12:03
1003638,14,27,89,-47,15,08/24/2001 12:03
1003639,-51,-81,269,-30,-33,08/24/2001 12:03
1003640,-51,-81,269,-29,-33,08/24/2001 12:03
1003641,-51,-81,269,-28,-33,08/24/2001 12:03
1003642,-51,-81,269,-27,-32,08/24/2001 12:03
1003643,-51,-81,269,-26,-32,08/24/2001 12:03
1003644,-51,-81,269,-25,-32,08/24/2001 12:03
1003645,-51,-81,269,-24,-32,08/24/2001 12:03
1003646,-50,-80,269,-23,-32,08/24/2001 12:03
1003647,-50,-80,269,-22,-31,08/24/2001 12:03
1003648,-50,-80,269,-21,-31,08/24/2001 12:03
1003649,-50,-80,269,-20,-31,08/24/2001 12:03
1003650,-50,-80,269,-19,-31,08/24/2001 12:03
1003651,-50,-80,269,-18,-31,08/24/2001 12:03
1003652,-50,-80,269,-17,-30,08/24/2001 12:03
1003653,14,27,89,-46,15,08/24/2001 12:03
1003654,14,27,89,-45,15,08/24/2001 12:03
1003655,14,27,89,-44,15,08/24/2001 12:03
1003656,14,28,89,-43,16,08/24/2001 12:03
1003657,15,28,89,-42,16,08/24/2001 12:03
1003658,15,28,89,-41,16,08/24/2001 12:03
1003659,15,29,89,-40,17,08/24/2001 12:03
1003660,15,29,89,-39,17,08/24/2001 12:03
1003661,15,29,89,-38,17,08/24/2001 12:03
1003662,16,29,89,-37,18,08/24/2001 12:03
1003663,16,30,89,-36,18,08/24/2001 12:03
1003664,16,30,89,-35,18,08/24/2001 12:03
1003665,16,30,89,-34,19,08/24/2001 12:03
1003666,16,30,89,-33,19,08/24/2001 12:03
1003667,17,31,89,-32,19,08/24/2001 12:03
1003668,17,31,89,-31,20,08/24/2001 12:03
1003669,17,31,89,-30,20,08/24/2001 12:03
1003670,17,31,89,-29,20,08/24/2001 12:03
1003671,17,32,89,-28,21,08/24/2001 12:03
1003672,18,32,89,-27,21,08/24/2001 12:03
1003673,18,32,89,-26,21,08/24/2001 12:03
1003674,18,32,89,-25,22,08/24/2001 12:03
1003675,18,33,89,-24,22,08/24/2001 12:03
1003676,18,33,89,-23,22,08/24/2001 12:03
1003677,19,33,89,-22,23,08/24/2001 12:03
1003678,19,33,89,-21,23,08/24/2001 12:03
1003679,19,34,89,-20,23,08/24/2001 12:03
1003680,19,34,89,-19,24,08/24/2001 12:03
1003681,19,34,89,-18,24,08/24/2001 12:03
1003682,20,34,89,-17,24,08/24/2001 12:03
1003683,20,35,89,-16,25,08/24/2001 12:03
1003684,9,14,44,-89,4,08/24/2001 12:03
1003685,9,14,44,-88,4,08/24/2001 12:03
1003686,9,14,44,-87,4,08/24/2001 12:03
1003687,9,14,44,-86,4,08/24/2001 12:03
1003688,9,14,44,-85,4,08/24/2001 12:03
1003689,9,14,44,-84,4,08/24/2001 12:03
1003690,9,14,44,-83,4,08/24/2001 12:03
1003691,9,14,44,-82,4,08/24/2001 12:03
1003692,9,14,44,-81,4,08/24/2001 12:03
1003693,9,14,44,-80,4,08/24/2001 12:03
1003694,9,14,44,-79,4,08/24/2001 12:03
1003695,9,14,44,-78,4,08/24/2001 12:03
1003696,9,14,44,-77,4,08/24/2001 12:03
1003697,9,14,44,-76,4,08/24/2001 12:03
1003698,9,14,44,-75,4,08/24/2001 12:03
1003447,15,-20,179,-8,5,08/24/2001 12:03
1003448,20,-23,134,-8,15,08/24/2001 12:03
1003449,5,-10,44,-8,2,08/24/2001 12:03
1003450,-30,-50,359,-9,-5,08/24/2001 12:03
1003451,-45,-75,314,-9,-20,08/24/2001 12:03
1003452,-50,-80,269,-9,-30,08/24/2001 12:03
1003453,-30,-55,224,-9,-20,08/24/2001 12:03
1003454,15,20,179,-9,5,08/24/2001 12:03
1003455,20,25,134,-9,15,08/24/2001 12:03
1003456,5,10,44,-9,2,08/24/2001 12:03
1003457,-53,-83,269,-58,-39,08/24/2001 12:03
1003458,-53,-83,269,-57,-38,08/24/2001 12:03
1003459,-52,-82,269,-56,-38,08/24/2001 12:03
1003460,-52,-82,269,-55,-38,08/24/2001 12:03
1003461,-52,-82,269,-54,-38,08/24/2001 12:03
1003462,-52,-82,269,-53,-38,08/24/2001 12:03
1003463,-52,-82,269,-52,-37,08/24/2001 12:03
1003464,-52,-82,269,-51,-37,08/24/2001 12:03
1003465,-52,-82,269,-50,-37,08/24/2001 12:03
1003466,-52,-82,269,-49,-37,08/24/2001 12:03
1003467,-52,-82,269,-48,-37,08/24/2001 12:03
1003468,-52,-82,269,-47,-36,08/24/2001 12:03
1003469,-52,-82,269,-46,-36,08/24/2001 12:03
1003470,-52,-82,269,-45,-36,08/24/2001 12:03
1003471,-30,-50,359,-10,-5,08/24/2001 12:03
1003472,-45,-75,314,-10,-20,08/24/2001 12:03
1003473,-50,-80,269,-10,-30,08/24/2001 12:03
1003474,-30,-55,224,-10,-20,08/24/2001 12:03
1003475,15,20,179,-10,5,08/24/2001 12:03
1003476,20,25,134,-10,15,08/24/2001 12:03
1003477,5,10,44,-10,2,08/24/2001 12:03
1003478,-30,-50,359,-11,-5,08/24/2001 12:03
1003479,-45,-75,314,-11,-20,08/24/2001 12:03
1003480,-50,-80,269,-11,-30,08/24/2001 12:03
1003481,-30,-55,224,-11,-20,08/24/2001 12:03
1003482,15,20,179,-11,5,08/24/2001 12:03
1003483,20,25,134,-11,15,08/24/2001 12:03
1003484,5,10,44,-11,2,08/24/2001 12:03
1003485,-30,-50,359,-12,-5,08/24/2001 12:03
1003486,-45,-75,314,-12,-20,08/24/2001 12:03
1003487,-50,-80,269,-12,-30,08/24/2001 12:03
1003488,-30,-55,224,-12,-20,08/24/2001 12:03
1003489,15,20,179,-12,5,08/24/2001 12:03
1003490,20,25,134,-12,15,08/24/2001 12:03
1003491,5,10,44,-12,2,08/24/2001 12:03
1003492,-30,-50,359,-13,-5,08/24/2001 12:03
1003493,-45,-75,314,-13,-20,08/24/2001 12:03
1003494,-50,-80,269,-13,-30,08/24/2001 12:03
1003495,-30,-55,224,-13,-20,08/24/2001 12:03
1003496,15,20,179,-13,5,08/24/2001 12:03
1003497,20,25,134,-13,15,08/24/2001 12:03
1003498,5,10,44,-13,2,08/24/2001 12:03
1003499,-52,-82,269,-44,-36,08/24/2001 12:03
1003500,-52,-82,269,-43,-36,08/24/2001 12:03
1003501,-52,-82,269,-42,-35,08/24/2001 12:03
1003502,-52,-82,269,-41,-35,08/24/2001 12:03
1003503,-52,-82,269,-40,-35,08/24/2001 12:03
1003504,-51,-81,269,-39,-35,08/24/2001 12:03
1003505,-51,-81,269,-38,-35,08/24/2001 12:03
1003506,-51,-81,269,-37,-34,08/24/2001 12:03
1003507,-51,-81,269,-36,-34,08/24/2001 12:03
1003508,-51,-81,269,-35,-34,08/24/2001 12:03
1003509,-51,-81,269,-34,-34,08/24/2001 12:03
1003510,-51,-81,269,-33,-34,08/24/2001 12:03
1003511,-51,-81,269,-32,-33,08/24/2001 12:03
1003512,-51,-81,269,-31,-33,08/24/2001 12:03
1003513,-30,-50,359,-14,-5,08/24/2001 12:03
1003514,-45,-75,314,-14,-20,08/24/2001 12:03
1003515,-50,-80,269,-14,-30,08/24/2001 12:03
1003516,-30,-55,224,-14,-20,08/24/2001 12:03
1003517,15,20,179,-14,5,08/24/2001 12:03
1003518,20,25,134,-14,15,08/24/2001 12:03
1003519,5,10,44,-14,2,08/24/2001 12:03
1003520,-48,-79,314,-89,-30,08/24/2001 12:03
1003521,-48,-79,314,-88,-29,08/24/2001 12:03
1003522,-48,-79,314,-87,-29,08/24/2001 12:03
1003523,-48,-79,314,-86,-29,08/24/2001 12:03
1003524,-48,-79,314,-85,-29,08/24/2001 12:03
1003525,-48,-79,314,-84,-29,08/24/2001 12:03
1003526,-48,-79,314,-83,-29,08/24/2001 12:03
1003527,-48,-79,314,-82,-29,08/24/2001 12:03
1003528,-48,-79,314,-81,-29,08/24/2001 12:03
1003529,-48,-79,314,-80,-28,08/24/2001 12:03
1003530,-48,-79,314,-79,-28,08/24/2001 12:03
1003531,-48,-79,314,-78,-28,08/24/2001 12:03
1003532,-48,-79,314,-77,-28,08/24/2001 12:03
1003533,-48,-79,314,-76,-28,08/24/2001 12:03
1003534,-48,-79,314,-75,-28,08/24/2001 12:03
1003535,-48,-79,314,-74,-28,08/24/2001 12:03
1003536,-48,-78,314,-73,-27,08/24/2001 12:03
1003537,-48,-78,314,-72,-27,08/24/2001 12:03
1003538,-48,-78,314,-71,-27,08/24/2001 12:03
1003539,-48,-78,314,-70,-27,08/24/2001 12:03
1003540,-48,-78,314,-69,-27,08/24/2001 12:03
1003541,-48,-78,314,-68,-27,08/24/2001 12:03
1003542,-48,-78,314,-67,-27,08/24/2001 12:03
1003543,-48,-78,314,-66,-27,08/24/2001 12:03
1003544,-48,-78,314,-65,-27,08/24/2001 12:03
1003545,-48,-78,314,-64,-26,08/24/2001 12:03
1003546,-48,-78,314,-63,-26,08/24/2001 12:03
1003547,-48,-78,314,-62,-26,08/24/2001 12:03
1003548,-48,-78,314,-61,-26,08/24/2001 12:03
1003549,-48,-78,314,-60,-26,08/24/2001 12:03
1003550,-48,-78,314,-59,-26,08/24/2001 12:03
1003551,-48,-78,314,-58,-26,08/24/2001 12:03
1003552,-47,-78,314,-57,-25,08/24/2001 12:03
1003553,-47,-77,314,-56,-25,08/24/2001 12:03
1003554,-47,-77,314,-55,-25,08/24/2001 12:03
1003555,-47,-77,314,-54,-25,08/24/2001 12:03
1003556,-47,-77,314,-53,-25,08/24/2001 12:03
1003557,-47,-77,314,-52,-25,08/24/2001 12:03
1003558,-47,-77,314,-51,-25,08/24/2001 12:03
1003559,-47,-77,314,-50,-25,08/24/2001 12:03
1003560,-47,-77,314,-49,-24,08/24/2001 12:03
1003561,-47,-77,314,-48,-24,08/24/2001 12:03
1003562,-47,-77,314,-47,-24,08/24/2001 12:03
1003563,-47,-77,314,-46,-24,08/24/2001 12:03
1003564,-47,-77,314,-45,-24,08/24/2001 12:03
1003565,-47,-77,314,-44,-24,08/24/2001 12:03
1003566,-47,-77,314,-43,-24,08/24/2001 12:03
1003567,-47,-77,314,-42,-24,08/24/2001 12:03
1003568,-47,-77,314,-41,-23,08/24/2001 12:03
1003569,-47,-77,314,-40,-23,08/24/2001 12:03
1003324,-30,-50,359,-1,-5,08/24/2001 12:03
1003325,-45,-75,314,-1,-20,08/24/2001 12:03
1003326,-50,-80,269,-1,-30,08/24/2001 12:03
1003327,-30,-55,224,-1,-20,08/24/2001 12:03
1003328,15,20,179,-1,5,08/24/2001 12:03
1003329,20,25,134,-1,15,08/24/2001 12:03
1003330,5,10,44,-1,2,08/24/2001 12:03
1003331,-54,-84,269,-86,-44,08/24/2001 12:03
1003332,-54,-84,269,-85,-44,08/24/2001 12:03
1003333,-54,-84,269,-84,-44,08/24/2001 12:03
1003334,-54,-84,269,-83,-44,08/24/2001 12:03
1003335,-54,-84,269,-82,-43,08/24/2001 12:03
1003336,-54,-84,269,-81,-43,08/24/2001 12:03
1003337,-54,-84,269,-80,-43,08/24/2001 12:03
1003338,-54,-84,269,-79,-43,08/24/2001 12:03
1003339,-54,-84,269,-78,-43,08/24/2001 12:03
1003340,-54,-84,269,-77,-42,08/24/2001 12:03
1003341,-54,-84,269,-76,-42,08/24/2001 12:03
1003342,-54,-84,269,-75,-42,08/24/2001 12:03
1003343,-54,-84,269,-74,-42,08/24/2001 12:03
1003344,-53,-83,269,-73,-42,08/24/2001 12:03
1003345,-53,-83,269,-72,-41,08/24/2001 12:03
1003346,-53,-83,269,-71,-41,08/24/2001 12:03
1003347,-53,-83,269,-70,-41,08/24/2001 12:03
1003348,-53,-83,269,-69,-41,08/24/2001 12:03
1003349,-53,-83,269,-68,-41,08/24/2001 12:03
1003350,-53,-83,269,-67,-40,08/24/2001 12:03
1003351,-53,-83,269,-66,-40,08/24/2001 12:03
1003352,-53,-83,269,-65,-40,08/24/2001 12:03
1003353,-53,-83,269,-64,-40,08/24/2001 12:03
1003354,-53,-83,269,-63,-40,08/24/2001 12:03
1003355,-53,-83,269,-62,-39,08/24/2001 12:03
1003356,-53,-83,269,-61,-39,08/24/2001 12:03
1003357,-53,-83,269,-60,-39,08/24/2001 12:03
1003358,-53,-83,269,-59,-39,08/24/2001 12:03
1003359,-53,-83,269,65,-40,08/24/2001 12:03
1003360,-53,-83,269,64,-40,08/24/2001 12:03
1003361,-53,-83,269,63,-40,08/24/2001 12:03
1003362,-53,-83,269,62,-39,08/24/2001 12:03
1003363,-53,-83,269,61,-39,08/24/2001 12:03
1003364,-53,-83,269,60,-39,08/24/2001 12:03
1003365,-53,-79,269,59,-39,08/24/2001 12:03
1003366,-53,-58,269,58,-39,08/24/2001 12:03
1003367,-53,-58,269,57,-38,08/24/2001 12:03
1003368,-52,-58,269,56,-38,08/24/2001 12:03
1003369,-52,-58,269,55,-38,08/24/2001 12:03
1003370,-52,-58,269,54,-38,08/24/2001 12:03
1003371,-52,-58,269,53,-38,08/24/2001 12:03
1003372,-52,-58,269,52,-37,08/24/2001 12:03
1003373,-52,-82,269,51,-37,08/24/2001 12:03
1003374,-52,-58,269,50,-37,08/24/2001 12:03
1003375,-52,-82,269,49,-37,08/24/2001 12:03
1003376,-52,-58,269,48,-37,08/24/2001 12:03
1003377,-52,-58,269,47,-36,08/24/2001 12:03
1003378,-52,-58,269,46,-36,08/24/2001 12:03
1003379,-52,-58,269,45,-36,08/24/2001 12:03
1003380,-52,-58,269,44,-36,08/24/2001 12:03
1003381,-52,-58,269,43,-36,08/24/2001 12:03
1003382,-52,-58,269,42,-35,08/24/2001 12:03
1003383,-52,-51,269,41,-35,08/24/2001 12:03
1003384,-52,-51,269,40,-35,08/24/2001 12:03
1003385,-51,-51,269,39,-35,08/24/2001 12:03
1003386,-51,-58,269,38,-35,08/24/2001 12:03
1003387,-51,-58,269,37,-34,08/24/2001 12:03
1003388,-51,-58,269,36,-34,08/24/2001 12:03
1003389,-51,-58,269,35,-34,08/24/2001 12:03
1003390,-51,-58,269,34,-34,08/24/2001 12:03
1003391,-51,-58,269,33,-34,08/24/2001 12:03
1003392,-51,-58,269,32,-33,08/24/2001 12:03
1003393,-51,-58,269,31,-33,08/24/2001 12:03
1003394,-51,-58,269,30,-33,08/24/2001 12:03
1003395,-51,-58,269,29,-33,08/24/2001 12:03
1003396,-51,-81,269,28,-33,08/24/2001 12:03
1003397,-51,-81,269,27,-32,08/24/2001 12:03
1003398,-51,-81,269,26,-32,08/24/2001 12:03
1003399,-51,-81,269,25,-32,08/24/2001 12:03
1003400,-51,-81,269,24,-32,08/24/2001 12:03
1003401,-30,-50,359,-2,-5,08/24/2001 12:03
1003402,-45,-75,314,-2,-20,08/24/2001 12:03
1003403,-50,-80,269,-2,-30,08/24/2001 12:03
1003404,-30,-55,224,-2,-20,08/24/2001 12:03
1003405,15,20,179,-2,5,08/24/2001 12:03
1003406,20,25,134,-2,15,08/24/2001 12:03
1003407,5,10,44,-2,2,08/24/2001 12:03
1003408,-30,-50,359,-3,-5,08/24/2001 12:03
1003409,-45,-75,314,-3,-20,08/24/2001 12:03
1003410,-50,-80,269,-3,-30,08/24/2001 12:03
1003411,-30,-55,224,-3,-20,08/24/2001 12:03
1003412,15,20,179,-3,5,08/24/2001 12:03
1003413,20,25,134,-3,15,08/24/2001 12:03
1003414,5,10,44,-3,2,08/24/2001 12:03
1003415,-30,-50,359,-4,-5,08/24/2001 12:03
1003416,-45,-75,314,-4,-20,08/24/2001 12:03
1003417,-50,-80,269,-4,-30,08/24/2001 12:03
1003418,-30,-55,224,-4,-20,08/24/2001 12:03
1003419,15,20,179,-4,5,08/24/2001 12:03
1003420,20,25,134,-4,15,08/24/2001 12:03
1003421,5,10,44,-4,2,08/24/2001 12:03
1003422,-30,-50,359,-5,-5,08/24/2001 12:03
1003423,-45,-75,314,-5,-20,08/24/2001 12:03
1003424,-50,-80,269,-5,-30,08/24/2001 12:03
1003425,-30,-55,224,-5,-20,08/24/2001 12:03
1003426,15,20,179,-5,5,08/24/2001 12:03
1003427,20,25,134,-5,15,08/24/2001 12:03
1003428,5,10,44,-5,2,08/24/2001 12:03
1003429,-30,-50,359,-6,-5,08/24/2001 12:03
1003430,-45,-75,314,-6,-20,08/24/2001 12:03
1003431,-50,-80,269,-6,-30,08/24/2001 12:03
1003432,-30,-55,224,-6,-20,08/24/2001 12:03
1003433,15,20,179,-6,5,08/24/2001 12:03
1003434,20,25,134,-6,15,08/24/2001 12:03
1003435,5,10,44,-6,2,08/24/2001 12:03
1003436,-30,-50,359,-7,-5,08/24/2001 12:03
1003437,-45,-75,314,-7,-20,08/24/2001 12:03
1003438,-50,-80,269,-7,-30,08/24/2001 12:03
1003439,-30,-55,224,-7,-20,08/24/2001 12:03
1003440,15,20,179,-7,5,08/24/2001 12:03
1003441,20,25,134,-7,15,08/24/2001 12:03
1003442,5,10,44,-7,2,08/24/2001 12:03
1003443,-30,40,359,-8,-5,08/24/2001 12:03
1003444,-45,48,314,-8,-20,08/24/2001 12:03
1003445,-50,45,269,-8,-30,08/24/2001 12:03
1003446,-30,40,224,-8,-20,08/24/2001 12:03
1004466,15,20,179,6,5,08/24/2001 12:03
1004467,-30,-55,224,6,-20,08/24/2001 12:03
1004468,-50,-80,269,6,-30,08/24/2001 12:03
1004469,-45,-75,314,6,-20,08/24/2001 12:03
1004470,-30,-50,359,6,-5,08/24/2001 12:03
1004471,5,10,44,5,2,08/24/2001 12:03
1004472,20,35,89,5,25,08/24/2001 12:03
1004473,20,25,134,5,15,08/24/2001 12:03
1004474,15,20,179,5,5,08/24/2001 12:03
1004475,-30,-55,224,5,-20,08/24/2001 12:03
1004476,-50,-80,269,5,-30,08/24/2001 12:03
1004477,-45,-75,314,5,-20,08/24/2001 12:03
1004478,-30,-50,359,5,-5,08/24/2001 12:03
1004479,5,10,44,4,2,08/24/2001 12:03
1004480,20,35,89,4,25,08/24/2001 12:03
1004481,20,25,134,4,15,08/24/2001 12:03
1004482,15,20,179,4,5,08/24/2001 12:03
1004483,-30,-55,224,4,-20,08/24/2001 12:03
1004484,-50,-80,269,4,-30,08/24/2001 12:03
1004485,-45,-75,314,4,-20,08/24/2001 12:03
1004486,-30,-50,359,4,-5,08/24/2001 12:03
1004487,5,10,44,3,2,08/24/2001 12:03
1004488,20,35,89,3,25,08/24/2001 12:03
1004489,20,25,134,3,15,08/24/2001 12:03
1004490,15,20,179,3,5,08/24/2001 12:03
1004491,-31,-51,359,-24,-7,08/24/2001 12:03
1004492,-30,-50,359,-23,-7,08/24/2001 12:03
1004493,-30,-50,359,-22,-7,08/24/2001 12:03
1004494,-30,-50,359,-21,-7,08/24/2001 12:03
1004495,-30,-50,359,-20,-6,08/24/2001 12:03
1004496,-30,-50,359,-19,-6,08/24/2001 12:03
1004497,-30,-50,359,-18,-6,08/24/2001 12:03
1004498,-30,-50,359,-17,-6,08/24/2001 12:03
1004499,-30,-50,359,-15,-5,08/24/2001 12:03
1004500,-30,-50,359,-16,-5,08/24/2001 12:03
1004501,-34,-54,359,89,-24,08/24/2001 12:03
1004502,-34,-54,359,88,-24,08/24/2001 12:03
1004503,-34,-54,359,87,-24,08/24/2001 12:03
1004504,-34,-54,359,86,-23,08/24/2001 12:03
1004505,-34,-54,359,85,-23,08/24/2001 12:03
1004506,-34,-54,359,84,-23,08/24/2001 12:03
1004507,-34,-54,359,83,-23,08/24/2001 12:03
1004508,-34,-54,359,82,-22,08/24/2001 12:03
1004509,-34,-54,359,81,-22,08/24/2001 12:03
1004510,-34,-54,359,80,-22,08/24/2001 12:03
1004511,-34,-54,359,79,-22,08/24/2001 12:03
1004512,-34,-54,359,78,-21,08/24/2001 12:03
1004513,-34,-54,359,77,-21,08/24/2001 12:03
1004514,-34,-54,359,76,-21,08/24/2001 12:03
1004515,-34,-54,359,75,-21,08/24/2001 12:03
1004516,-34,-54,359,74,-20,08/24/2001 12:03
1004517,-33,-53,359,73,-20,08/24/2001 12:03
1004518,-33,-53,359,72,-20,08/24/2001 12:03
1004519,-33,-53,359,71,-20,08/24/2001 12:03
1004520,-33,-53,359,70,-19,08/24/2001 12:03
1004521,-33,-53,359,69,-19,08/24/2001 12:03
1004522,-33,-53,359,68,-19,08/24/2001 12:03
1004523,-33,-53,359,67,-19,08/24/2001 12:03
1004524,-33,-53,359,66,-18,08/24/2001 12:03
1004525,-33,-53,359,65,-18,08/24/2001 12:03
1004526,-33,-53,359,64,-18,08/24/2001 12:03
1004527,-33,-53,359,63,-17,08/24/2001 12:03
1004528,-33,-53,359,62,-17,08/24/2001 12:03
1004529,-33,-53,359,61,-17,08/24/2001 12:03
1004530,-33,-53,359,60,-17,08/24/2001 12:03
1004531,-33,-53,359,59,-16,08/24/2001 12:03
1004532,-33,-35,359,58,-16,08/24/2001 12:03
1004533,-33,-35,359,57,-16,08/24/2001 12:03
1004534,-32,-35,359,56,-16,08/24/2001 12:03
1004535,-32,-35,359,55,-15,08/24/2001 12:03
1004536,-32,-35,359,54,-15,08/24/2001 12:03
1004537,-32,-41,359,53,-15,08/24/2001 12:03
1004538,-32,-41,359,52,-15,08/24/2001 12:03
1004539,-32,-52,359,51,-14,08/24/2001 12:03
1004540,-32,-41,359,50,-14,08/24/2001 12:03
1004541,-32,-52,359,49,-14,08/24/2001 12:03
1004542,-32,-41,359,48,-14,08/24/2001 12:03
1004543,-32,-41,359,47,-13,08/24/2001 12:03
1004544,-32,-41,359,46,-13,08/24/2001 12:03
1004545,-32,-41,359,45,-13,08/24/2001 12:03
1004546,-32,-41,359,44,-13,08/24/2001 12:03
1004547,-32,-41,359,43,-12,08/24/2001 12:03
1004548,-32,-41,359,42,-12,08/24/2001 12:03
1004549,-32,-41,359,41,-12,08/24/2001 12:03
1004550,-32,-41,359,40,-12,08/24/2001 12:03
1004551,-31,-41,359,39,-11,08/24/2001 12:03
1004552,-31,-54,359,38,-11,08/24/2001 12:03
1004553,-31,-41,359,37,-11,08/24/2001 12:03
1004554,-31,-41,359,36,-10,08/24/2001 12:03
1004555,-31,-41,359,35,-10,08/24/2001 12:03
1004556,-31,-41,359,34,-10,08/24/2001 12:03
1004557,-31,-41,359,33,-10,08/24/2001 12:03
1004558,-31,-41,359,32,-9,08/24/2001 12:03
1004559,-31,-41,359,31,-9,08/24/2001 12:03
1004560,-31,-41,359,30,-9,08/24/2001 12:03
1004561,-30,-55,224,3,-20,08/24/2001 12:03
1004562,-50,-80,269,3,-30,08/24/2001 12:03
1004563,-45,-75,314,3,-20,08/24/2001 12:03
1004564,-30,-50,359,3,-5,08/24/2001 12:03
1004565,5,10,44,2,2,08/24/2001 12:03
1004566,20,35,89,2,25,08/24/2001 12:03
1004567,20,25,134,2,15,08/24/2001 12:03
1004568,15,20,179,2,5,08/24/2001 12:03
1004569,-30,-55,224,2,-20,08/24/2001 12:03
1004570,-50,-80,269,2,-30,08/24/2001 12:03
1004571,-45,-75,314,2,-20,08/24/2001 12:03
1004572,-30,-50,359,2,-5,08/24/2001 12:03
1004573,5,10,44,1,2,08/24/2001 12:03
1004574,20,35,89,1,25,08/24/2001 12:03
1004575,20,25,134,1,15,08/24/2001 12:03
1004576,15,20,179,1,5,08/24/2001 12:03
1004577,-30,-55,224,1,-20,08/24/2001 12:03
1004578,-50,-80,269,1,-30,08/24/2001 12:03
1004579,-45,-75,314,1,-20,08/24/2001 12:03
1004580,-30,-50,359,1,-5,08/24/2001 12:03
1004581,20,35,44,0,25,08/24/2001 12:03
1004582,20,25,89,0,15,08/24/2001 12:03
1004583,15,20,134,0,5,08/24/2001 12:03
1004584,-30,-55,179,0,-20,08/24/2001 12:03
1004585,-50,-80,224,0,-30,08/24/2001 12:03
1004586,-45,-75,269,0,-20,08/24/2001 12:03
1004587,-30,-50,314,0,-5,08/24/2001 12:03
1004588,5,5,359,0,1,08/24/2001 12:03
1004589,-31,-41,359,29,-9,08/24/2001 12:03
1004590,-31,-51,359,28,-8,08/24/2001 12:03
1004338,20,35,89,-15,25,08/24/2001 12:03
1004339,5,10,44,-16,-1,08/24/2001 12:03
1004340,5,10,44,-15,1,08/24/2001 12:03
1004341,-30,-50,359,15,-5,08/24/2001 12:03
1004342,-45,-75,314,15,-20,08/24/2001 12:03
1004343,-50,-80,269,15,-30,08/24/2001 12:03
1004344,-30,-55,224,15,-20,08/24/2001 12:03
1004345,15,20,179,15,5,08/24/2001 12:03
1004346,20,25,134,15,15,08/24/2001 12:03
1004347,20,35,89,15,25,08/24/2001 12:03
1004348,5,10,44,15,1,08/24/2001 12:03
1004349,-35,-55,359,90,-25,08/24/2001 12:03
1004350,-50,-80,314,90,-30,08/24/2001 12:03
1004351,-55,-85,269,90,-45,08/24/2001 12:03
1004352,-45,-60,224,90,-35,08/24/2001 12:03
1004353,20,25,179,90,10,08/24/2001 12:03
1004354,25,40,134,90,20,08/24/2001 12:03
1004355,5,15,89,90,0,08/24/2001 12:03
1004356,10,15,44,90,5,08/24/2001 12:03
1004357,20,35,89,-14,25,08/24/2001 12:03
1004358,20,35,89,-13,25,08/24/2001 12:03
1004359,20,35,89,-12,25,08/24/2001 12:03
1004360,20,35,89,-11,25,08/24/2001 12:03
1004361,20,35,89,-10,25,08/24/2001 12:03
1004362,20,35,89,-9,25,08/24/2001 12:03
1004363,20,-31,89,-8,25,08/24/2001 12:03
1004364,20,35,89,-7,25,08/24/2001 12:03
1004365,20,35,89,-6,25,08/24/2001 12:03
1004366,20,35,89,-5,25,08/24/2001 12:03
1004367,20,35,89,-4,25,08/24/2001 12:03
1004368,20,35,89,-3,25,08/24/2001 12:03
1004369,20,35,89,-2,25,08/24/2001 12:03
1004370,20,35,89,-1,25,08/24/2001 12:03
1004371,5,10,44,14,2,08/24/2001 12:03
1004372,20,35,89,14,25,08/24/2001 12:03
1004373,20,25,134,14,15,08/24/2001 12:03
1004374,15,20,179,14,5,08/24/2001 12:03
1004375,-30,-55,224,14,-20,08/24/2001 12:03
1004376,-50,-80,269,14,-30,08/24/2001 12:03
1004377,-45,-75,314,14,-20,08/24/2001 12:03
1004378,-30,-50,359,14,-5,08/24/2001 12:03
1004379,5,10,44,13,2,08/24/2001 12:03
1004380,20,35,89,13,25,08/24/2001 12:03
1004381,20,25,134,13,15,08/24/2001 12:03
1004382,15,20,179,13,5,08/24/2001 12:03
1004383,-30,-55,224,13,-20,08/24/2001 12:03
1004384,-50,-80,269,13,-30,08/24/2001 12:03
1004385,-45,-75,314,13,-20,08/24/2001 12:03
1004386,-30,-50,359,13,-5,08/24/2001 12:03
1004387,5,10,44,12,2,08/24/2001 12:03
1004388,20,35,89,12,25,08/24/2001 12:03
1004389,20,25,134,12,15,08/24/2001 12:03
1004390,15,20,179,12,5,08/24/2001 12:03
1004391,-30,-55,224,12,-20,08/24/2001 12:03
1004392,-50,-80,269,12,-30,08/24/2001 12:03
1004393,-32,-52,359,-52,-15,08/24/2001 12:03
1004394,-32,-52,359,-51,-14,08/24/2001 12:03
1004395,-32,-52,359,-50,-14,08/24/2001 12:03
1004396,-32,-52,359,-49,-14,08/24/2001 12:03
1004397,-32,-52,359,-48,-14,08/24/2001 12:03
1004398,-32,-52,359,-47,-13,08/24/2001 12:03
1004399,-32,-52,359,-46,-13,08/24/2001 12:03
1004400,-32,-52,359,-45,-13,08/24/2001 12:03
1004401,-32,-52,359,-44,-13,08/24/2001 12:03
1004402,-32,-52,359,-43,-12,08/24/2001 12:03
1004403,-32,-52,359,-42,-12,08/24/2001 12:03
1004404,-32,-52,359,-41,-12,08/24/2001 12:03
1004405,-32,-52,359,-40,-12,08/24/2001 12:03
1004406,-31,-51,359,-39,-11,08/24/2001 12:03
1004407,-45,-75,314,12,-20,08/24/2001 12:03
1004408,-30,-50,359,12,-5,08/24/2001 12:03
1004409,5,10,44,11,2,08/24/2001 12:03
1004410,20,35,89,11,25,08/24/2001 12:03
1004411,20,25,134,11,15,08/24/2001 12:03
1004412,15,20,179,11,5,08/24/2001 12:03
1004413,-30,-55,224,11,-20,08/24/2001 12:03
1004414,-50,-80,269,11,-30,08/24/2001 12:03
1004415,-45,-75,314,11,-20,08/24/2001 12:03
1004416,-30,-50,359,11,-5,08/24/2001 12:03
1004417,5,10,44,10,2,08/24/2001 12:03
1004418,20,35,89,10,25,08/24/2001 12:03
1004419,20,25,134,10,15,08/24/2001 12:03
1004420,15,20,179,10,5,08/24/2001 12:03
1004421,-30,-55,224,10,-20,08/24/2001 12:03
1004422,-50,-80,269,10,-30,08/24/2001 12:03
1004423,-45,-75,314,10,-20,08/24/2001 12:03
1004424,-30,-50,359,10,-5,08/24/2001 12:03
1004425,5,10,44,9,2,08/24/2001 12:03
1004426,20,35,89,9,25,08/24/2001 12:03
1004427,20,25,134,9,15,08/24/2001 12:03
1004428,15,20,179,9,5,08/24/2001 12:03
1004429,-30,-55,224,9,-20,08/24/2001 12:03
1004430,-50,-80,269,9,-30,08/24/2001 12:03
1004431,-45,-75,314,9,-20,08/24/2001 12:03
1004432,-30,-50,359,9,-5,08/24/2001 12:03
1004433,5,10,44,8,2,08/24/2001 12:03
1004434,20,35,89,8,25,08/24/2001 12:03
1004435,20,25,134,8,15,08/24/2001 12:03
1004436,15,20,179,8,5,08/24/2001 12:03
1004437,-30,-55,224,8,-20,08/24/2001 12:03
1004438,-50,-80,269,8,-30,08/24/2001 12:03
1004439,-45,-75,314,8,-20,08/24/2001 12:03
1004440,-30,-50,359,8,-5,08/24/2001 12:03
1004441,5,10,44,7,2,08/24/2001 12:03
1004442,20,35,89,7,25,08/24/2001 12:03
1004443,20,25,134,7,15,08/24/2001 12:03
1004444,15,20,179,7,5,08/24/2001 12:03
1004445,-30,-55,224,7,-20,08/24/2001 12:03
1004446,-50,-80,269,7,-30,08/24/2001 12:03
1004447,-45,-75,314,7,-20,08/24/2001 12:03
1004448,-30,-50,359,7,-5,08/24/2001 12:03
1004449,-31,-51,359,-38,-11,08/24/2001 12:03
1004450,-31,-51,359,-37,-11,08/24/2001 12:03
1004451,-31,-51,359,-36,-10,08/24/2001 12:03
1004452,-31,-51,359,-35,-10,08/24/2001 12:03
1004453,-31,-51,359,-34,-10,08/24/2001 12:03
1004454,-31,-51,359,-33,-10,08/24/2001 12:03
1004455,-31,-51,359,-32,-9,08/24/2001 12:03
1004456,-31,-51,359,-31,-9,08/24/2001 12:03
1004457,-31,-51,359,-30,-9,08/24/2001 12:03
1004458,-31,-51,359,-29,-9,08/24/2001 12:03
1004459,-31,-51,359,-28,-8,08/24/2001 12:03
1004460,-31,-51,359,-27,-8,08/24/2001 12:03
1004461,-31,-51,359,-26,-8,08/24/2001 12:03
1004462,-31,-51,359,-25,-8,08/24/2001 12:03
1004463,5,10,44,6,2,08/24/2001 12:03
1004464,20,35,89,6,25,08/24/2001 12:03
1004465,20,25,134,6,15,08/24/2001 12:03
1004204,11,23,89,62,9,08/24/2001 12:03
1004205,11,23,89,61,10,08/24/2001 12:03
1004206,11,23,89,60,10,08/24/2001 12:03
1004207,11,24,89,59,10,08/24/2001 12:03
1004208,11,50,89,58,11,08/24/2001 12:03
1004209,12,50,89,57,11,08/24/2001 12:03
1004210,12,50,89,56,11,08/24/2001 12:03
1004211,12,50,89,55,12,08/24/2001 12:03
1004212,12,50,89,54,12,08/24/2001 12:03
1004213,12,50,89,53,12,08/24/2001 12:03
1004214,13,50,89,52,13,08/24/2001 12:03
1004215,13,36,89,51,13,08/24/2001 12:03
1004216,13,50,89,50,13,08/24/2001 12:03
1004217,13,26,89,49,14,08/24/2001 12:03
1004218,13,50,89,48,14,08/24/2001 12:03
1004219,14,50,89,47,15,08/24/2001 12:03
1004220,14,50,89,46,15,08/24/2001 12:03
1004221,14,61,89,45,15,08/24/2001 12:03
1004222,14,61,89,44,15,08/24/2001 12:03
1004223,14,61,89,43,16,08/24/2001 12:03
1004224,15,61,89,42,16,08/24/2001 12:03
1004225,15,61,89,41,16,08/24/2001 12:03
1004226,15,61,89,40,17,08/24/2001 12:03
1004227,15,61,89,39,17,08/24/2001 12:03
1004228,15,61,89,38,17,08/24/2001 12:03
1004229,16,61,89,37,18,08/24/2001 12:03
1004230,16,61,89,36,18,08/24/2001 12:03
1004231,16,76,89,35,18,08/24/2001 12:03
1004232,16,75,89,34,19,08/24/2001 12:03
1004233,16,75,89,33,19,08/24/2001 12:03
1004234,17,75,89,32,19,08/24/2001 12:03
1004235,17,75,89,31,20,08/24/2001 12:03
1004236,17,61,89,30,20,08/24/2001 12:03
1004237,17,61,89,29,20,08/24/2001 12:03
1004238,17,32,89,28,21,08/24/2001 12:03
1004239,18,32,89,27,21,08/24/2001 12:03
1004240,18,32,89,26,21,08/24/2001 12:03
1004241,18,32,89,25,22,08/24/2001 12:03
1004242,18,33,89,24,22,08/24/2001 12:03
1004243,18,33,89,23,22,08/24/2001 12:03
1004244,19,33,89,22,23,08/24/2001 12:03
1004245,19,33,89,21,23,08/24/2001 12:03
1004246,19,34,89,20,23,08/24/2001 12:03
1004247,19,34,89,19,24,08/24/2001 12:03
1004248,19,34,89,18,24,08/24/2001 12:03
1004249,20,34,89,17,24,08/24/2001 12:03
1004250,20,35,89,16,25,08/24/2001 12:03
1004251,9,14,44,89,4,08/24/2001 12:03
1004252,9,14,44,88,4,08/24/2001 12:03
1004253,9,14,44,87,4,08/24/2001 12:03
1004254,9,14,44,86,4,08/24/2001 12:03
1004255,9,14,44,85,4,08/24/2001 12:03
1004256,9,14,44,84,4,08/24/2001 12:03
1004257,9,14,44,83,4,08/24/2001 12:03
1004258,9,14,44,82,4,08/24/2001 12:03
1004259,9,14,44,81,4,08/24/2001 12:03
1004260,9,14,44,80,4,08/24/2001 12:03
1004261,9,14,44,79,4,08/24/2001 12:03
1004262,9,14,44,78,4,08/24/2001 12:03
1004263,9,14,44,77,4,08/24/2001 12:03
1004264,9,14,44,76,4,08/24/2001 12:03
1004265,9,14,44,75,4,08/24/2001 12:03
1004266,9,14,44,74,4,08/24/2001 12:03
1004267,8,13,44,73,3,08/24/2001 12:03
1004268,8,13,44,72,3,08/24/2001 12:03
1004269,8,13,44,71,3,08/24/2001 12:03
1004270,8,13,44,70,3,08/24/2001 12:03
1004271,8,13,44,69,3,08/24/2001 12:03
1004272,8,13,44,68,3,08/24/2001 12:03
1004273,8,13,44,67,3,08/24/2001 12:03
1004274,8,13,44,66,3,08/24/2001 12:03
1004275,8,13,44,65,3,08/24/2001 12:03
1004276,8,13,44,64,3,08/24/2001 12:03
1004277,8,13,44,63,3,08/24/2001 12:03
1004278,8,13,44,62,3,08/24/2001 12:03
1004279,8,13,44,61,3,08/24/2001 12:03
1004280,8,13,44,60,3,08/24/2001 12:03
1004281,8,13,44,59,3,08/24/2001 12:03
1004282,8,41,44,58,3,08/24/2001 12:03
1004283,8,41,44,57,3,08/24/2001 12:03
1004284,7,41,44,56,2,08/24/2001 12:03
1004285,7,41,44,55,2,08/24/2001 12:03
1004286,7,41,44,54,2,08/24/2001 12:03
1004287,7,41,44,53,2,08/24/2001 12:03
1004288,7,41,44,52,2,08/24/2001 12:03
1004289,7,28,44,51,2,08/24/2001 12:03
1004290,7,41,44,50,2,08/24/2001 12:03
1004291,7,12,44,49,2,08/24/2001 12:03
1004292,7,41,44,48,2,08/24/2001 12:03
1004293,7,41,44,47,2,08/24/2001 12:03
1004294,7,41,44,46,2,08/24/2001 12:03
1004295,7,41,44,45,2,08/24/2001 12:03
1004296,7,41,44,44,2,08/24/2001 12:03
1004297,7,41,44,43,2,08/24/2001 12:03
1004298,7,51,44,42,2,08/24/2001 12:03
1004299,7,51,44,41,2,08/24/2001 12:03
1004300,6,51,44,40,2,08/24/2001 12:03
1004301,6,51,44,39,1,08/24/2001 12:03
1004302,6,51,44,38,1,08/24/2001 12:03
1004303,6,51,44,37,1,08/24/2001 12:03
1004304,6,51,44,36,1,08/24/2001 12:03
1004305,6,66,44,35,1,08/24/2001 12:03
1004306,6,65,44,34,1,08/24/2001 12:03
1004307,6,65,44,33,1,08/24/2001 12:03
1004308,6,65,44,32,1,08/24/2001 12:03
1004309,6,65,44,31,1,08/24/2001 12:03
1004310,6,51,44,30,1,08/24/2001 12:03
1004311,6,51,44,29,1,08/24/2001 12:03
1004312,6,11,44,28,1,08/24/2001 12:03
1004313,6,11,44,27,1,08/24/2001 12:03
1004314,6,11,44,26,1,08/24/2001 12:03
1004315,6,11,44,25,1,08/24/2001 12:03
1004316,6,11,44,24,1,08/24/2001 12:03
1004317,5,10,44,23,1,08/24/2001 12:03
1004318,5,10,44,22,-1,08/24/2001 12:03
1004319,5,10,44,21,-1,08/24/2001 12:03
1004320,5,10,44,20,-1,08/24/2001 12:03
1004321,5,10,44,19,-1,08/24/2001 12:03
1004322,5,10,44,18,-1,08/24/2001 12:03
1004323,5,10,44,17,-1,08/24/2001 12:03
1004324,5,10,44,16,-1,08/24/2001 12:03
1004325,-50,-80,314,-90,-30,08/24/2001 12:03
1004326,-55,-85,269,-90,-45,08/24/2001 12:03
1004327,-45,-60,224,-90,-35,08/24/2001 12:03
1004328,20,25,179,-90,10,08/24/2001 12:03
1004329,25,40,134,-90,20,08/24/2001 12:03
1004330,5,15,89,-90,0,08/24/2001 12:03
1004331,10,15,44,-90,5,08/24/2001 12:03
1004332,-34,-54,359,-89,-24,08/24/2001 12:03
1004333,-45,-75,314,-15,-20,08/24/2001 12:03
1004334,-50,-80,269,-15,-30,08/24/2001 12:03
1004335,-30,-55,224,-15,-20,08/24/2001 12:03
1004336,15,20,179,-15,5,08/24/2001 12:03
1004337,20,25,134,-15,15,08/24/2001 12:03
1004591,-31,-51,359,27,-8,08/24/2001 12:03
1004592,-31,-51,359,26,-8,08/24/2001 12:03
1004593,-31,-51,359,25,-8,08/24/2001 12:03
1004594,-31,-51,359,24,-7,08/24/2001 12:03
1004595,-30,-50,359,23,-7,08/24/2001 12:03
1004596,-30,-50,359,22,-7,08/24/2001 12:03
1004597,-30,-50,359,21,-7,08/24/2001 12:03
1004598,-30,-50,359,20,-6,08/24/2001 12:03
1004599,-30,-50,359,19,-6,08/24/2001 12:03
1004600,-30,-50,359,18,-6,08/24/2001 12:03
1004601,-30,-50,359,17,-6,08/24/2001 12:03
1004602,-30,-50,359,16,-5,08/24/2001 12:03
1004603,-32,-56,224,27,-22,08/24/2001 12:03
1004604,-32,-56,224,26,-22,08/24/2001 12:03
1004605,-32,-56,224,25,-22,08/24/2001 12:03
1004606,-32,-56,224,24,-22,08/24/2001 12:03
1004607,-32,-55,224,23,-22,08/24/2001 12:03
1004608,-31,-55,224,22,-21,08/24/2001 12:03
1004609,-31,-55,224,21,-21,08/24/2001 12:03
1004610,-31,-55,224,20,-21,08/24/2001 12:03
1004611,-31,-55,224,19,-21,08/24/2001 12:03
1004612,-31,-55,224,18,-21,08/24/2001 12:03
1004613,-30,-55,224,17,-20,08/24/2001 12:03
1004614,-30,-55,224,16,-20,08/24/2001 12:03
1004615,19,24,179,89,9,08/24/2001 12:03
1004616,19,24,179,88,9,08/24/2001 12:03
1004617,19,24,179,87,9,08/24/2001 12:03
1004618,19,24,179,86,9,08/24/2001 12:03
1004619,19,24,179,85,9,08/24/2001 12:03
1004620,19,24,179,84,9,08/24/2001 12:03
1004621,19,24,179,83,9,08/24/2001 12:03
1004622,19,24,179,82,9,08/24/2001 12:03
1004623,19,24,179,81,9,08/24/2001 12:03
1004624,19,24,179,80,9,08/24/2001 12:03
1004625,19,24,179,79,9,08/24/2001 12:03
1004626,19,24,179,78,9,08/24/2001 12:03
1004627,19,24,179,77,9,08/24/2001 12:03
1004628,19,24,179,76,9,08/24/2001 12:03
1004629,19,24,179,75,9,08/24/2001 12:03
1004630,19,24,179,74,9,08/24/2001 12:03
1004631,18,23,179,73,8,08/24/2001 12:03
1004632,18,23,179,72,8,08/24/2001 12:03
1004633,18,23,179,71,8,08/24/2001 12:03
1004634,18,23,179,70,8,08/24/2001 12:03
1004635,18,23,179,69,8,08/24/2001 12:03
1004636,18,23,179,68,8,08/24/2001 12:03
1004637,18,23,179,67,8,08/24/2001 12:03
1004638,18,23,179,66,8,08/24/2001 12:03
1004639,18,23,179,65,8,08/24/2001 12:03
1004640,18,23,179,64,8,08/24/2001 12:03
1004641,18,23,179,63,8,08/24/2001 12:03
1004642,18,23,179,62,8,08/24/2001 12:03
1004643,18,23,179,61,8,08/24/2001 12:03
1004644,18,23,179,60,8,08/24/2001 12:03
1004645,18,-45,179,59,8,08/24/2001 12:03
1004646,18,82,179,58,8,08/24/2001 12:03
1004647,18,-43,179,57,8,08/24/2001 12:03
1004648,17,-46,179,56,7,08/24/2001 12:03
1004649,17,-43,179,55,7,08/24/2001 12:03
1004650,17,-41,179,54,7,08/24/2001 12:03
1004651,17,-43,179,53,7,08/24/2001 12:03
1004652,17,-42,179,52,7,08/24/2001 12:03
1004653,17,-44,179,51,7,08/24/2001 12:03
1004654,17,-44,179,50,7,08/24/2001 12:03
1004655,17,-42,179,49,7,08/24/2001 12:03
1004656,17,-44,179,48,7,08/24/2001 12:03
1004657,17,-43,179,47,7,08/24/2001 12:03
1004658,17,-44,179,46,7,08/24/2001 12:03
1004659,17,-45,179,45,7,08/24/2001 12:03
1004660,17,-44,179,44,7,08/24/2001 12:03
1004661,17,-48,179,43,7,08/24/2001 12:03
1004662,17,-48,179,42,7,08/24/2001 12:03
1004663,17,-48,179,41,7,08/24/2001 12:03
1004664,17,-48,179,40,6,08/24/2001 12:03
1004665,16,-45,179,39,6,08/24/2001 12:03
1004666,16,-41,179,38,6,08/24/2001 12:03
1004667,16,-30,179,37,6,08/24/2001 12:03
1004668,16,-35,179,36,6,08/24/2001 12:03
1004669,16,-33,179,35,6,08/24/2001 12:03
1004670,16,-30,179,34,6,08/24/2001 12:03
1004671,16,-29,179,33,6,08/24/2001 12:03
1004672,16,-21,179,32,6,08/24/2001 12:03
1004673,16,-22,179,31,6,08/24/2001 12:03
1004674,16,-22,179,30,6,08/24/2001 12:03
1004675,16,-21,179,29,6,08/24/2001 12:03
1004676,16,-18,179,28,6,08/24/2001 12:03
1004677,16,-18,179,27,6,08/24/2001 12:03
1004678,16,-19,179,26,6,08/24/2001 12:03
1004679,16,-17,179,25,6,08/24/2001 12:03
1004680,16,-14,179,24,6,08/24/2001 12:03
1004681,15,-19,179,23,5,08/24/2001 12:03
1004682,15,-19,179,22,5,08/24/2001 12:03
1004683,15,-19,179,21,5,08/24/2001 12:03
1004684,15,-18,179,20,5,08/24/2001 12:03
1004685,15,-20,179,19,5,08/24/2001 12:03
1004686,15,-17,179,18,5,08/24/2001 12:03
1004687,15,-18,179,17,5,08/24/2001 12:03
1004688,15,-12,179,16,5,08/24/2001 12:03
1004689,24,40,134,89,19,08/24/2001 12:03
1004690,24,40,134,88,19,08/24/2001 12:03
1004691,24,39,134,87,19,08/24/2001 12:03
1004692,24,39,134,86,19,08/24/2001 12:03
1004693,24,39,134,85,19,08/24/2001 12:03
1004694,24,39,134,84,19,08/24/2001 12:03
1004695,24,39,134,83,19,08/24/2001 12:03
1004696,24,38,134,82,19,08/24/2001 12:03
1004697,24,38,134,81,19,08/24/2001 12:03
1004698,24,38,134,80,19,08/24/2001 12:03
1004699,24,38,134,79,19,08/24/2001 12:03
1004700,24,38,134,78,19,08/24/2001 12:03
1004701,24,37,134,77,19,08/24/2001 12:03
1004702,24,37,134,76,19,08/24/2001 12:03
1004703,24,37,134,75,19,08/24/2001 12:03
1004704,24,37,134,74,19,08/24/2001 12:03
1004705,23,37,134,73,18,08/24/2001 12:03
1004706,23,36,134,72,18,08/24/2001 12:03
1004707,23,36,134,71,18,08/24/2001 12:03
1004708,23,36,134,70,18,08/24/2001 12:03
1004709,23,36,134,69,18,08/24/2001 12:03
1004710,23,36,134,68,18,08/24/2001 12:03
1004711,23,35,134,67,18,08/24/2001 12:03
1004712,23,35,134,66,18,08/24/2001 12:03
1004713,23,35,134,65,18,08/24/2001 12:03
1004714,23,35,134,64,18,08/24/2001 12:03
1004715,23,35,134,63,18,08/24/2001 12:03
1004716,23,34,134,62,18,08/24/2001 12:03
1004717,23,34,134,61,18,08/24/2001 12:03
1004718,23,34,134,60,18,08/24/2001 12:03
1004719,23,34,134,59,18,08/24/2001 12:03
1004720,23,58,134,58,18,08/24/2001 12:03
1004721,23,58,134,57,18,08/24/2001 12:03
1004722,22,58,134,56,17,08/24/2001 12:03
1004723,22,58,134,55,17,08/24/2001 12:03
1004724,22,58,134,54,17,08/24/2001 12:03
1004725,22,58,134,53,17,08/24/2001 12:03
1004726,22,58,134,52,17,08/24/2001 12:03
1004727,22,45,134,51,17,08/24/2001 12:03
1004728,22,58,134,50,17,08/24/2001 12:03
1004729,22,32,134,49,17,08/24/2001 12:03
1004730,22,58,134,48,17,08/24/2001 12:03
1004731,22,58,134,47,17,08/24/2001 12:03
1004732,22,58,134,46,17,08/24/2001 12:03
1004733,22,58,134,45,17,08/24/2001 12:03
1004734,22,58,134,44,17,08/24/2001 12:03
1004735,22,58,134,43,17,08/24/2001 12:03
1004736,22,58,134,42,17,08/24/2001 12:03
1004737,22,58,134,41,17,08/24/2001 12:03
1004738,22,58,134,40,17,08/24/2001 12:03
1004739,21,58,134,39,16,08/24/2001 12:03
1004740,21,58,134,38,16,08/24/2001 12:03
1004741,21,58,134,37,16,08/24/2001 12:03
1004742,21,58,134,36,16,08/24/2001 12:03
1004743,21,85,134,35,16,08/24/2001 12:03
1004744,21,81,134,34,16,08/24/2001 12:03
1004745,21,81,134,33,16,08/24/2001 12:03
1004746,21,81,134,32,16,08/24/2001 12:03
1004747,21,81,134,31,16,08/24/2001 12:03
1004748,21,58,134,30,16,08/24/2001 12:03
1004749,21,58,134,29,16,08/24/2001 12:03
1004750,21,28,134,28,16,08/24/2001 12:03
1004751,21,27,134,27,16,08/24/2001 12:03
1004752,21,27,134,26,16,08/24/2001 12:03
1004753,21,27,134,25,16,08/24/2001 12:03
1004754,21,27,134,24,16,08/24/2001 12:03
1004755,20,27,134,23,15,08/24/2001 12:03
1004756,20,26,134,22,15,08/24/2001 12:03
1004757,20,26,134,21,15,08/24/2001 12:03
1004758,20,26,134,20,15,08/24/2001 12:03
1004759,20,26,134,19,15,08/24/2001 12:03
1004760,20,26,134,18,15,08/24/2001 12:03
1004761,20,25,134,17,15,08/24/2001 12:03
1004762,20,25,134,16,15,08/24/2001 12:03
1004763,5,16,89,89,1,08/24/2001 12:03
1004764,5,16,89,88,1,08/24/2001 12:03
1004765,6,16,89,87,1,08/24/2001 12:03
1004766,6,17,89,86,2,08/24/2001 12:03
1004767,6,17,89,85,2,08/24/2001 12:03
1004768,6,17,89,84,2,08/24/2001 12:03
1004769,6,17,89,83,3,08/24/2001 12:03
1004770,7,18,89,82,3,08/24/2001 12:03
1004074,16,21,179,-37,6,08/24/2001 12:03
1004075,16,21,179,-36,6,08/24/2001 12:03
1004076,16,21,179,-35,6,08/24/2001 12:03
1004077,16,21,179,-34,6,08/24/2001 12:03
1004078,16,21,179,-33,6,08/24/2001 12:03
1004079,16,21,179,-32,6,08/24/2001 12:03
1004080,16,21,179,-31,6,08/24/2001 12:03
1004081,16,21,179,-30,6,08/24/2001 12:03
1004082,16,21,179,-29,6,08/24/2001 12:03
1004083,16,21,179,-28,6,08/24/2001 12:03
1004084,16,21,179,-27,6,08/24/2001 12:03
1004085,16,21,179,-26,6,08/24/2001 12:03
1004086,16,21,179,-25,6,08/24/2001 12:03
1004087,16,21,179,-24,6,08/24/2001 12:03
1004088,15,20,179,-23,5,08/24/2001 12:03
1004089,15,20,179,-22,5,08/24/2001 12:03
1004090,15,20,179,-21,5,08/24/2001 12:03
1004091,15,20,179,-20,5,08/24/2001 12:03
1004092,15,20,179,-19,5,08/24/2001 12:03
1004093,15,20,179,-18,5,08/24/2001 12:03
1004094,15,20,179,-17,5,08/24/2001 12:03
1004095,15,20,179,-16,5,08/24/2001 12:03
1004096,24,40,134,-89,19,08/24/2001 12:03
1004097,24,40,134,-88,19,08/24/2001 12:03
1004098,24,39,134,-87,19,08/24/2001 12:03
1004099,24,39,134,-86,19,08/24/2001 12:03
1004100,24,39,134,-85,19,08/24/2001 12:03
1004101,24,39,134,-84,19,08/24/2001 12:03
1004102,24,39,134,-83,19,08/24/2001 12:03
1004103,24,38,134,-82,19,08/24/2001 12:03
1004104,24,38,134,-81,19,08/24/2001 12:03
1004105,24,38,134,-80,19,08/24/2001 12:03
1004106,24,38,134,-79,19,08/24/2001 12:03
1004107,24,38,134,-78,19,08/24/2001 12:03
1004108,24,37,134,-77,19,08/24/2001 12:03
1004109,24,37,134,-76,19,08/24/2001 12:03
1004110,24,37,134,-75,19,08/24/2001 12:03
1004111,24,37,134,-74,19,08/24/2001 12:03
1004112,23,37,134,-73,18,08/24/2001 12:03
1004113,23,36,134,-72,18,08/24/2001 12:03
1004114,23,36,134,-71,18,08/24/2001 12:03
1004115,23,36,134,-70,18,08/24/2001 12:03
1004116,23,36,134,-69,18,08/24/2001 12:03
1004117,23,36,134,-68,18,08/24/2001 12:03
1004118,23,35,134,-67,18,08/24/2001 12:03
1004119,23,35,134,-66,18,08/24/2001 12:03
1004120,23,35,134,-65,18,08/24/2001 12:03
1004121,23,35,134,-64,18,08/24/2001 12:03
1004122,23,35,134,-63,18,08/24/2001 12:03
1004123,23,34,134,-62,18,08/24/2001 12:03
1004124,23,34,134,-61,18,08/24/2001 12:03
1004125,23,34,134,-60,18,08/24/2001 12:03
1004126,23,34,134,-59,18,08/24/2001 12:03
1004127,23,34,134,-58,18,08/24/2001 12:03
1004128,23,33,134,-57,18,08/24/2001 12:03
1004129,22,33,134,-56,17,08/24/2001 12:03
1004130,22,33,134,-55,17,08/24/2001 12:03
1004131,22,33,134,-54,17,08/24/2001 12:03
1004132,22,33,134,-53,17,08/24/2001 12:03
1004133,22,32,134,-52,17,08/24/2001 12:03
1004134,22,32,134,-51,17,08/24/2001 12:03
1004135,22,32,134,-50,17,08/24/2001 12:03
1004136,22,32,134,-49,17,08/24/2001 12:03
1004137,22,32,134,-48,17,08/24/2001 12:03
1004138,22,31,134,-47,17,08/24/2001 12:03
1004139,22,31,134,-46,17,08/24/2001 12:03
1004140,22,31,134,-45,17,08/24/2001 12:03
1004141,22,31,134,-44,17,08/24/2001 12:03
1004142,22,31,134,-43,17,08/24/2001 12:03
1004143,22,30,134,-42,17,08/24/2001 12:03
1004144,22,30,134,-41,17,08/24/2001 12:03
1004145,22,30,134,-40,17,08/24/2001 12:03
1004146,21,30,134,-39,16,08/24/2001 12:03
1004147,21,30,134,-38,16,08/24/2001 12:03
1004148,21,29,134,-37,16,08/24/2001 12:03
1004149,21,29,134,-36,16,08/24/2001 12:03
1004150,21,29,134,-35,16,08/24/2001 12:03
1004151,21,29,134,-34,16,08/24/2001 12:03
1004152,21,29,134,-33,16,08/24/2001 12:03
1004153,21,28,134,-32,16,08/24/2001 12:03
1004154,21,28,134,-31,16,08/24/2001 12:03
1004155,21,28,134,-30,16,08/24/2001 12:03
1004156,21,28,134,-29,16,08/24/2001 12:03
1004157,21,28,134,-28,16,08/24/2001 12:03
1004158,21,27,134,-27,16,08/24/2001 12:03
1004159,21,27,134,-26,16,08/24/2001 12:03
1004160,21,27,134,-25,16,08/24/2001 12:03
1004161,21,27,134,-24,16,08/24/2001 12:03
1004162,20,27,134,-23,15,08/24/2001 12:03
1004163,20,26,134,-22,15,08/24/2001 12:03
1004164,20,26,134,-21,15,08/24/2001 12:03
1004165,20,26,134,-20,15,08/24/2001 12:03
1004166,20,26,134,-19,15,08/24/2001 12:03
1004167,20,26,134,-18,15,08/24/2001 12:03
1004168,20,25,134,-17,15,08/24/2001 12:03
1004169,20,25,134,-16,15,08/24/2001 12:03
1004170,5,16,89,-89,1,08/24/2001 12:03
1004171,-33,-53,359,-66,-18,08/24/2001 12:03
1004172,-33,-53,359,-65,-18,08/24/2001 12:03
1004173,-33,-53,359,-64,-18,08/24/2001 12:03
1004174,-33,-53,359,-63,-17,08/24/2001 12:03
1004175,-33,-53,359,-62,-17,08/24/2001 12:03
1004176,-33,-53,359,-61,-17,08/24/2001 12:03
1004177,-33,-53,359,-60,-17,08/24/2001 12:03
1004178,-33,-53,359,-59,-16,08/24/2001 12:03
1004179,-33,-53,359,-58,-16,08/24/2001 12:03
1004180,-33,-53,359,-57,-16,08/24/2001 12:03
1004181,-32,-52,359,-56,-16,08/24/2001 12:03
1004182,-32,-52,359,-55,-15,08/24/2001 12:03
1004183,-32,-52,359,-54,-15,08/24/2001 12:03
1004184,-32,-52,359,-53,-15,08/24/2001 12:03
1004185,7,18,89,81,3,08/24/2001 12:03
1004186,7,18,89,80,4,08/24/2001 12:03
1004187,7,18,89,79,4,08/24/2001 12:03
1004188,7,19,89,78,4,08/24/2001 12:03
1004189,8,19,89,77,5,08/24/2001 12:03
1004190,8,19,89,76,5,08/24/2001 12:03
1004191,8,19,89,75,5,08/24/2001 12:03
1004192,8,20,89,74,6,08/24/2001 12:03
1004193,8,20,89,73,6,08/24/2001 12:03
1004194,9,20,89,72,6,08/24/2001 12:03
1004195,9,20,89,71,7,08/24/2001 12:03
1004196,9,21,89,70,7,08/24/2001 12:03
1004197,9,21,89,69,7,08/24/2001 12:03
1004198,9,21,89,68,8,08/24/2001 12:03
1004199,10,21,89,67,8,08/24/2001 12:03
1004200,10,22,89,66,8,08/24/2001 12:03
1004201,10,22,89,65,9,08/24/2001 12:03
1004202,10,22,89,64,9,08/24/2001 12:03
1004203,10,23,89,63,9,08/24/2001 12:03
1003948,-54,-84,269,78,-43,08/24/2001 12:03
1003949,-54,-84,269,77,-42,08/24/2001 12:03
1003950,-54,-84,269,76,-42,08/24/2001 12:03
1003951,-54,-84,269,75,-42,08/24/2001 12:03
1003952,-54,-84,269,74,-42,08/24/2001 12:03
1003953,-53,-83,269,73,-42,08/24/2001 12:03
1003954,-53,-83,269,72,-41,08/24/2001 12:03
1003955,-53,-83,269,71,-41,08/24/2001 12:03
1003956,-53,-83,269,70,-41,08/24/2001 12:03
1003957,-53,-83,269,69,-41,08/24/2001 12:03
1003958,-53,-83,269,68,-41,08/24/2001 12:03
1003959,-53,-83,269,67,-40,08/24/2001 12:03
1003960,-53,-83,269,66,-40,08/24/2001 12:03
1003961,19,24,179,-80,9,08/24/2001 12:03
1003962,19,24,179,-79,9,08/24/2001 12:03
1003963,19,24,179,-78,9,08/24/2001 12:03
1003964,19,24,179,-77,9,08/24/2001 12:03
1003965,19,24,179,-76,9,08/24/2001 12:03
1003966,19,24,179,-75,9,08/24/2001 12:03
1003967,19,24,179,-74,9,08/24/2001 12:03
1003968,18,23,179,-73,8,08/24/2001 12:03
1003969,18,23,179,-72,8,08/24/2001 12:03
1003970,18,23,179,-71,8,08/24/2001 12:03
1003971,18,23,179,-70,8,08/24/2001 12:03
1003972,18,23,179,-69,8,08/24/2001 12:03
1003973,18,23,179,-68,8,08/24/2001 12:03
1003974,18,23,179,-67,8,08/24/2001 12:03
1003975,-50,-80,269,23,-32,08/24/2001 12:03
1003976,-50,-80,269,22,-31,08/24/2001 12:03
1003977,-50,-80,269,21,-31,08/24/2001 12:03
1003978,-50,-80,269,20,-31,08/24/2001 12:03
1003979,-50,-80,269,19,-31,08/24/2001 12:03
1003980,-50,-80,269,18,-31,08/24/2001 12:03
1003981,-50,-80,269,17,-30,08/24/2001 12:03
1003982,-50,-80,269,16,-30,08/24/2001 12:03
1003983,-44,-59,224,89,-34,08/24/2001 12:03
1003984,-44,-59,224,88,-34,08/24/2001 12:03
1003985,-44,-59,224,87,-34,08/24/2001 12:03
1003986,-44,-59,224,86,-34,08/24/2001 12:03
1003987,-44,-59,224,85,-34,08/24/2001 12:03
1003988,-44,-59,224,84,-34,08/24/2001 12:03
1003989,18,23,179,-66,8,08/24/2001 12:03
1003990,18,23,179,-65,8,08/24/2001 12:03
1003991,18,23,179,-64,8,08/24/2001 12:03
1003992,18,23,179,-63,8,08/24/2001 12:03
1003993,18,23,179,-62,8,08/24/2001 12:03
1003994,18,23,179,-61,8,08/24/2001 12:03
1003995,18,23,179,-60,8,08/24/2001 12:03
1003996,18,23,179,-59,8,08/24/2001 12:03
1003997,18,23,179,-58,8,08/24/2001 12:03
1003998,18,23,179,-57,8,08/24/2001 12:03
1003999,17,22,179,-56,7,08/24/2001 12:03
1004000,17,22,179,-55,7,08/24/2001 12:03
1004001,17,22,179,-54,7,08/24/2001 12:03
1004002,17,22,179,-53,7,08/24/2001 12:03
1004003,-44,-59,224,83,-34,08/24/2001 12:03
1004004,-42,-59,224,82,-33,08/24/2001 12:03
1004005,-42,-59,224,81,-33,08/24/2001 12:03
1004006,-42,-59,224,80,-33,08/24/2001 12:03
1004007,-42,-59,224,79,-33,08/24/2001 12:03
1004008,-42,-59,224,78,-33,08/24/2001 12:03
1004009,-42,-59,224,77,-32,08/24/2001 12:03
1004010,-42,-59,224,76,-32,08/24/2001 12:03
1004011,-42,-59,224,75,-32,08/24/2001 12:03
1004012,-42,-59,224,74,-32,08/24/2001 12:03
1004013,-42,-58,224,73,-32,08/24/2001 12:03
1004014,-41,-58,224,72,-31,08/24/2001 12:03
1004015,-41,-58,224,71,-31,08/24/2001 12:03
1004016,-41,-58,224,70,-31,08/24/2001 12:03
1004017,-41,-58,224,69,-31,08/24/2001 12:03
1004018,-41,-58,224,68,-31,08/24/2001 12:03
1004019,-40,-58,224,67,-30,08/24/2001 12:03
1004020,-40,-58,224,66,-30,08/24/2001 12:03
1004021,-40,-58,224,65,-30,08/24/2001 12:03
1004022,-40,-58,224,64,-30,08/24/2001 12:03
1004023,-40,-58,224,63,-30,08/24/2001 12:03
1004024,-39,-58,224,62,-29,08/24/2001 12:03
1004025,-39,-58,224,61,-29,08/24/2001 12:03
1004026,-39,-58,224,60,-29,08/24/2001 12:03
1004027,-39,-58,224,59,-29,08/24/2001 12:03
1004028,-39,-56,224,58,-29,08/24/2001 12:03
1004029,-38,-56,224,57,-28,08/24/2001 12:03
1004030,-38,-56,224,56,-28,08/24/2001 12:03
1004031,-38,-56,224,55,-28,08/24/2001 12:03
1004032,-38,-56,224,54,-28,08/24/2001 12:03
1004033,-38,-56,224,53,-28,08/24/2001 12:03
1004034,-37,-56,224,52,-27,08/24/2001 12:03
1004035,-37,-57,224,51,-27,08/24/2001 12:03
1004036,-37,-56,224,50,-27,08/24/2001 12:03
1004037,-37,-57,224,49,-27,08/24/2001 12:03
1004038,-37,-56,224,48,-27,08/24/2001 12:03
1004039,-36,-56,224,47,-26,08/24/2001 12:03
1004040,-36,-56,224,46,-26,08/24/2001 12:03
1004041,-36,-56,224,45,-26,08/24/2001 12:03
1004042,-36,-56,224,44,-26,08/24/2001 12:03
1004043,-36,-56,224,43,-26,08/24/2001 12:03
1004044,-35,-58,224,42,-25,08/24/2001 12:03
1004045,17,22,179,-52,7,08/24/2001 12:03
1004046,17,22,179,-51,7,08/24/2001 12:03
1004047,17,22,179,-50,7,08/24/2001 12:03
1004048,17,22,179,-49,7,08/24/2001 12:03
1004049,17,22,179,-48,7,08/24/2001 12:03
1004050,17,22,179,-47,7,08/24/2001 12:03
1004051,17,22,179,-46,7,08/24/2001 12:03
1004052,17,22,179,-45,7,08/24/2001 12:03
1004053,17,22,179,-44,7,08/24/2001 12:03
1004054,17,22,179,-43,7,08/24/2001 12:03
1004055,17,22,179,-42,7,08/24/2001 12:03
1004056,17,22,179,-41,7,08/24/2001 12:03
1004057,17,22,179,-40,6,08/24/2001 12:03
1004058,16,21,179,-39,6,08/24/2001 12:03
1004059,-35,-58,224,41,-25,08/24/2001 12:03
1004060,-35,-50,224,40,-25,08/24/2001 12:03
1004061,-35,-55,224,39,-25,08/24/2001 12:03
1004062,-35,-56,224,38,-25,08/24/2001 12:03
1004063,-34,-56,224,37,-24,08/24/2001 12:03
1004064,-34,-56,224,36,-24,08/24/2001 12:03
1004065,-34,-56,224,35,-24,08/24/2001 12:03
1004066,-34,-56,224,34,-24,08/24/2001 12:03
1004067,-34,-56,224,33,-24,08/24/2001 12:03
1004068,-33,-56,224,32,-23,08/24/2001 12:03
1004069,-33,-56,224,31,-23,08/24/2001 12:03
1004070,-33,-56,224,30,-23,08/24/2001 12:03
1004071,-33,-56,224,29,-23,08/24/2001 12:03
1004072,-33,-56,224,28,-23,08/24/2001 12:03
1004073,16,21,179,-38,6,08/24/2001 12:03
1003825,-36,-57,224,-44,-26,08/24/2001 12:03
1003826,-36,-57,224,-43,-26,08/24/2001 12:03
1003827,-35,-57,224,-42,-25,08/24/2001 12:03
1003828,-35,-57,224,-41,-25,08/24/2001 12:03
1003829,-35,-57,224,-40,-25,08/24/2001 12:03
1003830,-35,-56,224,-39,-25,08/24/2001 12:03
1003831,-35,-56,224,-38,-25,08/24/2001 12:03
1003832,-34,-56,224,-37,-24,08/24/2001 12:03
1003833,-34,-56,224,-36,-24,08/24/2001 12:03
1003834,-34,-56,224,-35,-24,08/24/2001 12:03
1003835,-34,-56,224,-34,-24,08/24/2001 12:03
1003836,-34,-56,224,-33,-24,08/24/2001 12:03
1003837,-33,-56,224,-32,-23,08/24/2001 12:03
1003838,-33,-56,224,-31,-23,08/24/2001 12:03
1003839,-33,-56,224,-30,-23,08/24/2001 12:03
1003840,-33,-56,224,-29,-23,08/24/2001 12:03
1003841,-33,-56,224,-28,-23,08/24/2001 12:03
1003842,-32,-56,224,-27,-22,08/24/2001 12:03
1003843,-32,-56,224,-26,-22,08/24/2001 12:03
1003844,-32,-56,224,-25,-22,08/24/2001 12:03
1003845,-32,-56,224,-24,-22,08/24/2001 12:03
1003846,-32,-55,224,-23,-22,08/24/2001 12:03
